kevin, Alison
wendy, Alison
wendy, Alison
ken, Alison cream soda
wendy, Alison cream
kevin, soda
ken, soda
wendy, 
wendy, 
kendra, 
marci, 
marci, 
marci, 
marci, 
ken, 
wendy, 
ken, 
kendra, 
wendy, 
kendra, 
wendy, 
marci, but I'm going to complain about it
marci, it they don't make white gravy
marci, 
marci, 
marci, 
marci, 
marci, 
wendy, 
wendy, 
wendy, 
wendy, regular
marci, regular regular
marci, 
ken, 
wendy, I was kind of wondering about that bottled water for
wendy, for the sparkling water but
wendy, but they don't make this
marci, but they don't make this kind at all anymore
kendra, make this
kendra, all anymore
kendra, 
wendy, 
marci, 
kendra, 
kendra, 
ken, 
marci, 
marci, 
kendra, 
wendy, 
marci, 
marci, 
wendy, 
wendy, 
marci, 
wendy, 
kevin, 
kendra, 
ken, 
marci, 
marci, 
ken, that's
ken, that's
kendra, that's
kevin, that's
kendra, that's
kevin, that's
kendra, that's
wendy, that's
wendy, that's
wendy, that's
marci, that's
wendy, that's
kendra, that's
marci, that's
kevin, that's
kendra, that's
ken, that's
kevin, that's
kendra, that's
wendy, that's
wendy, that's
marci, that's
kendra, that's
kendra, that's
marci, that's
ken, that's right
kevin, that's right
kevin, right there is more to tonight
wendy, 
wendy, 
wendy, 
x, 
kendra, 
wendy, well I have
wendy, 
wendy, 
marci, 
ken, 
marci, 
kendra, well
wendy, well she's in here stopping I
marci, stopping I hope you're having
wendy, I hope you're having Wendy
marci, having Wendy
kevin, Wendy has tried her hand
kevin, hand for the first time at making a clue or
ken, or
ken, or clue well
kevin, well
wendy, well
ken, well
wendy, well
wendy, well
kendra, well
kendra, well
kevin, well
kendra, well
kevin, well it's definitely stupid
ken, it's definitely stupid
kevin, stupid
kendra, stupid
wendy, stupid
ken, stupid
kevin, stupid
wendy, stupid
marci, stupid
wendy, stupid
x, stupid
wendy, stupid
marci, stupid
marci, stupid
wendy, stupid
wendy, stupid
wendy, stupid
kevin, stupid
kevin, 
wendy, 
ken, 
kendra, 
kevin, 
ken, 
kendra, 
marci, 
wendy, 
marci, I
ken, I
marci, I
ken, I don't think any
kevin, I don't think any will guess it though
wendy, any
kevin, though so
marci, so
ken, so
ken, so that's
kevin, so that's the whole
kevin, whole point of
wendy, of
wendy, of
wendy, of
wendy, of
kevin, of
wendy, of
kendra, of
kendra, of
marci, of
kevin, of
kendra, of
kevin, of
kevin, of
wendy, of
kendra, of
kevin, of
marci, of an exponential
kevin, of an exponential for
marci, for Xbox
wendy, for Xbox
marci, 
marci, 
wendy, 
wendy, 
wendy, 
kevin, 
kendra, 
wendy, 
wendy, 
wendy, 
ken, 
kendra, 
ken, 
wendy, 
ken, 
marci, on my tooth
kendra, 
kendra, on my tooth
kendra, it's
marci, it's
wendy, it's stuck in your gum
kevin, 
wendy, shootout
marci, shootout
wendy, 
kevin, 
wendy, 
kevin, 
wendy, 
ken, images don't open
kendra, images don't open your mouth
wendy, open your mouth
ken, 
marci, 
wendy, 
marci, 
marci, barely
wendy, barely see it
ken, barely see it
marci, 
wendy, Big
wendy, Big Lots on YouTube
marci, 
wendy, 
wendy, 
kendra, 
marci, 
kendra, 
kendra, 
wendy, everybody
kevin, 
wendy, 
kevin, 
ken, 
wendy, 
marci, 
kendra, 
marci, tired
wendy, tired
marci, tired
kendra, 
wendy, yeah I
wendy, I
wendy, I mean
kendra, I mean
wendy, mean when Mary tells
kendra, mean when Mary tells me to go to sleep over the weekend you
kendra, you know I need to go to sleep over the weekend
wendy, weekend that's good you're getting some good rest I
wendy, I have mentioned about 10 out my
marci, have mentioned
marci, mentioned about 10 out my
kevin, mentioned about 10
wendy, my
kendra, my
kendra, my 10 hours every
kendra, every night and
kendra, and I'm still like
kendra, like but
kendra, but I think I'm over it. And I'm like what
wendy, but I think I'm over it. And I'm
wendy, I'm like what
wendy, what is wrong with me
wendy, me that I am sleeping so much are
kendra, are
wendy, are
wendy, are
kendra, are
wendy, are
marci, are
wendy, are
x, are
marci, are you
kevin, are you
kendra, 
marci, 
marci, 
kendra, 
kendra, 
wendy, 
wendy, 
wendy, Beyonce
marci, Beyonce
kendra, Beyonce when she was pregnant
wendy, Beyonce when she was pregnant
kendra, pregnant
kevin, pregnant
kendra, pregnant
kendra, pregnant
kevin, pregnant
kendra, pregnant
marci, 
wendy, 
kendra, 
wendy, 
marci, Trish
marci, Trish
wendy, Trish
wendy, Trish
wendy, Trish
kendra, Trish
wendy, Trish
kendra, Trish
marci, Trish told
marci, told me she was playing some
wendy, was playing some
marci, some
marci, some
wendy, some
wendy, some
kendra, some
kendra, some little bitty Church from
kendra, from where I am now going
wendy, going to see your
kendra, your
wendy, your
marci, your friend right
marci, right shower
kendra, right shower
marci, shower
marci, shower
marci, shower
marci, shower at Becky's house
x, 
marci, that she was pregnant again like
marci, like 2 weeks pregnant
kendra, pregnant I
marci, I thought
kendra, I thought
marci, thought
kendra, thought
marci, thought
marci, thought
kendra, thought
wendy, thought
marci, thought
marci, thought
kendra, thought
wendy, thought
marci, thought
kendra, thought
marci, thought it was her
wendy, 
marci, 
wendy, 
wendy, 
marci, 
kendra, Trish
wendy, Trish
marci, Trish
kevin, Trish I
marci, I haven't even seen her
marci, her for years
wendy, 
kendra, 
kendra, 
kendra, 
marci, 
marci, 
kendra, 
marci, 
wendy, 
kendra, 
kendra, 
kendra, 
marci, 
kendra, 
kendra, 
wendy, 
kendra, 
wendy, 
marci, 
marci, is she working yet
marci, yet or still
marci, still at home no
wendy, no
kendra, no
wendy, no
wendy, no
wendy, no
kendra, no
kendra, no
kendra, no
kendra, no
marci, no
marci, no
marci, no
marci, no to that point she was
kendra, no to that point
kendra, point she was still on and in
kendra, in unending money Street
kendra, to the passage to get on her husband yeah
kendra, yeah
kendra, yeah
marci, yeah but has 30,000
kendra, has 30,000
marci, 30,000
kendra, 30,000
marci, 30,000
kendra, 30,000
marci, 30,000
kendra, 30,000
marci, 30,000 out
wendy, 30,000 out
wendy, out was supposed to pay line continuously
kendra, to pay line continuously
wendy, 
kendra, 
kendra, 
kendra, 
kendra, 
kevin, 
kevin, 
wendy, 
ken, 
kevin, 
wendy, 
marci, how
wendy, how much is your life insurance for
marci, 
kendra, 
ken, 
kevin, 
kevin, 
marci, 
wendy, 
kendra, 
marci, 
ken, 
kendra, 
wendy, 
kendra, 
marci, 
marci, 
kendra, 
marci, 
marci, 
kendra, 
kendra, somebody want
wendy, somebody want some presents were
marci, were
marci, 
wendy, I think she wants some presents that
marci, that was some cards
kendra, that was some cards
kendra, cards or something that
marci, something that we do
kendra, that we do
wendy, 
marci, 
wendy, 
kevin, 
marci, 
marci, 
marci, 
kendra, chill what's
ken, chill what's
marci, what's mean
wendy, mean
kendra, yo babe
kendra, babe how come this comes into fart plastic
wendy, plastic
kendra, plastic
ken, plastic
marci, plastic
marci, plastic bag
kendra, plastic bag
wendy, 
kendra, 
marci, 
wendy, 
wendy, 
kendra, 
kendra, 
kendra, 
marci, 
kendra, 
kendra, 
wendy, 
kendra, thank you for
ken, thank you for
kendra, for those hard to cut something
kendra, something on
kendra, 
kendra, 
wendy, 
kendra, 
kendra, YouTube
wendy, YouTube Senor
kendra, Senor De of Little Treasures
kendra, Treasures Simple Pleasures
kendra, Pleasures happy birthday they're
kendra, they're always dorky but
kendra, but at least they have cats on it
kendra, it right
wendy, 
kendra, 
marci, 
kevin, 
kendra, 
wendy, 
wendy, 
wendy, 
kendra, 
wendy, 
marci, 
kendra, 
wendy, 
kendra, 
marci, 
kendra, be
wendy, be
kendra, be full of love joy peace Lord
kendra, Lord we love you
kendra, you Kevin wedding veils
kendra, veils a
kevin, veils
kendra, a piece the monster that
wendy, between she
kevin, that is between she
wendy, she might
ken, she might not
kendra, she
kevin, she might not have mentioned taking
kevin, taking it was wishing
kendra, taking it was wishing your day I wish
wendy, wish
kevin, wish
kendra, wish
kendra, wish it
kevin, wish
kevin, wish it was a little monster
wendy, monster
kendra, monster
kevin, monster
kevin, monster
kendra, monster
kendra, 
kendra, 
kevin, 
kendra, 
marci, 
marci, 
marci, 
kendra, 
kendra, 
wendy, 
wendy, 
kendra, 
marci, 
kendra, 
kendra, feels like a pair and a spare dad
kendra, dad
wendy, dad
kendra, 
kevin, 
ken, 
ken, 
ken, 
kendra, 
kendra, 
marci, 
kendra, stare
kendra, 
kendra, stare
ken, stare
ken, stare
kendra, stare
kevin, stare
marci, stare
kendra, stare
kendra, stare
kendra, 
kendra, 
kevin, 
ken, 
ken, 
kendra, 
marci, 
marci, 
kendra, Rubbermaid you can't squash it
kevin, Rubbermaid you
marci, Rubbermaid you
marci, you can't squash it
ken, you can't squash it
kevin, you can't squash it ever
kendra, ever
marci, ever made
kendra, ever made
marci, made
kevin, 
kendra, 
kevin, that
ken, that
marci, that includes all
kendra, that includes all
kevin, that includes all the teaspoons know we
marci, teaspoons know we
kendra, we
kendra, we
wendy, we
wendy, we
kendra, we
marci, we bought them before you
kevin, we bought them before you had an apartment
kendra, them before you had an apartment
kendra, apartment
kendra, 
kendra, 
marci, 
marci, well in that cuz
kendra, well in that cuz
kendra, cuz I've got to be yellow
wendy, to be yellow
kevin, 
kevin, 
kevin, 
kendra, 
kevin, 
wendy, 
marci, I wish I could
wendy, I wish I could
kendra, I wish I could have been using
wendy, been using
ken, using
kendra, using
kevin, using
kendra, using
wendy, using
wendy, using
kendra, using
wendy, using
kevin, using
wendy, using
wendy, using
wendy, using
wendy, using
kendra, using
kendra, using
kendra, using
wendy, using
kevin, using them for several years but
kendra, using them
wendy, several years but
ken, but just trying to get rid of them
kevin, but just trying to get rid of them
kendra, them
wendy, 
marci, 
ken, 
kendra, 
kendra, 
kevin, 
wendy, 
marci, 
ken, 
ken, wow
kevin, wow that's
kevin, that's a real McCoy this
ken, that's a real
kendra, this is the knife to
kendra, to use for birthdays window
kevin, for birthdays window
wendy, window
kevin, window
marci, window
kendra, window
wendy, window
kevin, window
ken, window
ken, window
wendy, window
kendra, window switch
kevin, switch your hair sure
kevin, sure is
kendra, is
wendy, 
kevin, 
kendra, 
kevin, show show me was in there
kendra, show show me was
kendra, was in there
kevin, 
kendra, 
wendy, 
wendy, 
kevin, weather
wendy, weather Flagstaff
kevin, weather Flagstaff
wendy, Flagstaff
wendy, 
marci, 
marci, tub
ken, 
kevin, tub
wendy, 
marci, can
kendra, can
kendra, can
kevin, can
kevin, can
kendra, can you
kevin, can you have a cat in your apartment
marci, a cat in your apartment
kendra, apartment I'm going to have a cat in my apartment
kevin, 
kevin, 
kevin, 
kendra, 
kendra, 
kevin, 
ken, 350
kendra, 350 bucks that
kendra, that is
kevin, is
marci, is microwavable
wendy, is microwavable
kendra, microwavable
marci, microwavable
ken, 
kendra, 
kendra, 
marci, 
wendy, 
wendy, 
wendy, 
wendy, 
wendy, 
wendy, 
kevin, 
wendy, 
kevin, 
kendra, 
marci, 
kendra, 
marci, don't drop it on my keys for everything
kendra, on my keys for everything
marci, everything break some nights
wendy, 
kendra, 
kendra, 
kendra, 
kendra, 
wendy, 
kendra, 
wendy, 
wendy, 
kendra, 
wendy, 
kevin, 
kendra, 
marci, 
kendra, 
kendra, 
kendra, 
kendra, on
kevin, on
kendra, on
kevin, on my first day
kendra, on my first day of my new apartment
wendy, new apartment
kendra, 
kendra, 
wendy, 
kendra, 
kendra, 
wendy, 
kendra, 
wendy, 
kendra, 
wendy, 
wendy, 
kevin, 
kendra, 
marci, yeah
kendra, 
kendra, 
marci, yeah probably
ken, yeah probably the
kendra, yeah probably
kendra, probably the
wendy, the
wendy, the
kendra, the best time to find out boy
kendra, boy let
kendra, let me tell you
ken, 
kendra, 
kendra, 
wendy, 
kendra, 
kendra, 
wendy, 
kevin, 
kendra, 
wendy, 
kendra, 
kendra, 
kendra, 
kevin, 
kendra, 
kendra, 
marci, 
kevin, 
marci, 
kendra, 
kendra, 
wendy, 
marci, 
kendra, 
marci, 
kendra, I thought you already brought the cake in the
wendy, the
marci, the
marci, the gift
marci, how
marci, how do I get my
kendra, how do I get my
kendra, 
ken, 
marci, mom
kendra, mom
marci, mom
ken, mom
marci, mom
wendy, mom can
kendra, mom can
kendra, can be
kevin, can be
kevin, be
wendy, be
marci, be
kevin, be
wendy, be
marci, be
marci, be
wendy, be
marci, be
wendy, be
marci, be
wendy, be
marci, be
kendra, be
kevin, be
kendra, be
kevin, be
marci, be
ken, be used
marci, be used
wendy, be used
kendra, used
marci, used
marci, used vacuum it's
kendra, used vacuum
kendra, it's a good
marci, it's a good brand you
kendra, you
marci, you can get the bags at at
marci, at United Vacuum bags
kendra, bags yeah
marci, yeah we
kendra, we have money honey
kendra, honey
wendy, honey they last forever
kevin, 
wendy, 
marci, 
wendy, 
wendy, 
marci, 
kevin, 
marci, 
marci, 
kevin, 
kevin, 
kendra, 
marci, 
kendra, 
kevin, turn it on hit
kendra, hit
marci, hit
wendy, hit
wendy, hit
kevin, hit
wendy, hit
kevin, hit
ken, hit the button on
kevin, hit the button on the foot
wendy, the foot
ken, foot
wendy, 
ken, 
wendy, 
wendy, 
kevin, 
wendy, 
kevin, 
kendra, 
marci, 
marci, 
kevin, 
kevin, 
marci, 
wendy, 
wendy, 
wendy, 
wendy, 
marci, 
ken, 
wendy, 
kevin, 
kevin, 
kevin, 
kendra, 
kendra, 
marci, 
marci, 
kendra, 
kendra, 
kendra, 
marci, 
wendy, all right
kevin, all right
ken/kev, right
ken, 
marci, 
marci, 
marci, just
kevin, 
ken, just
marci, just one owner or what
kendra, just one owner or
kendra, or what
marci, what number to it
ken, number to it
marci, it she
kevin, she
ken, she
kevin, she
kendra, she
kevin, she was all like you
kendra, she was all like you
kevin, you only took it out on the weekend
marci, you only took it out on the weekend
ken, 
kevin, 
kendra, 
marci, 
kendra, 
kevin, 
marci, 
ken, 
kendra, and
marci, and
marci, and a new belt and
marci, and a new bag completely
marci, completely new bag
marci, bag and he warranties it for a year for
marci, for
marci, for the money I had
marci, had I couldn't afford a new one and
marci, and I didn't want to get a $34 job from Target this
kendra, I didn't want
marci, this
kendra, this
wendy, this
wendy, this
marci, this one is a good one
kendra, this one
kendra, 
kevin, 
wendy, 
kendra, 
kendra, 
marci, 
kendra, 
wendy, 
wendy, 
wendy, 
marci, 
kendra, 
marci, 
marci, 
wendy, 
kevin, 
kendra, 
wendy, 
kendra, 
kevin, 
wendy, 
kevin, 
wendy, 
kendra, 
wendy, 
wendy, 
wendy, 
wendy, 
wendy, Grandma United
ken, Grandma United
kevin, United
wendy, United
kendra, United
kendra, United
kendra, United
kendra, United
wendy, United
marci, United Vacuum on
marci, on Coliseum right
marci, right beside where the old
marci, 
kendra, 
kendra, 
marci, 
marci, 
marci, oh
kendra, oh really you
marci, you won't
kevin, you won't believe what happened to us in the parking lot of the mall the other day
wendy, believe what happened
wendy, the parking lot of the mall
kendra, 
kevin, 
kevin, 
wendy, 
kevin, 
kendra, 
wendy, 
wendy, no
kevin, no
kevin, no I
kevin, I guess you was trying to like
kevin, like Laura's to a place where they would sell like
kevin, like imitation
kevin, imitation cologne but
kevin, but he said
kevin, said it's not imitation
kevin, imitation because it's
marci, because it's
wendy, it's
marci, it's by
kevin, it's by the same people but
marci, by
wendy, by
wendy, by the same people
wendy, but it's different.
kevin, but it's different. I'm
wendy, I'm like what are you doing out
kevin, I'm like
kevin, like what are you doing out here
wendy, 
wendy, 
wendy, 
wendy, 
wendy, look like brothers duffle
kevin, brothers duffle bag
kevin, bag
kevin, 
wendy, 
wendy, 
kevin, 
kevin, 
kevin, 
wendy, 
marci, 
marci, 
marci, 
kevin, no no because
wendy, because
wendy, because he wasn't
wendy, wasn't trying to sell it
wendy, it he was just saying that
wendy, that the smell like your car or
wendy, or whatever
wendy, whatever because
wendy, because they're
wendy, they're going to try
wendy, try to see
wendy, see if there's a market for the store but
wendy, but they want to open down
wendy, down the road that's
wendy, that's working
kevin, that's working agent
kevin, agent
wendy, 
ken, 
ken, 
kevin, 
kevin, 
kendra, 
wendy, 
kevin, 
kevin, 
kendra, 
kevin, 
ken, 
marci, 
wendy, 
kendra, 
wendy, 
wendy, I got
kendra, I got what is this guy
marci, got what is this guy
wendy, got what is this guy doing
marci, 
kevin, 
wendy, 
ken, 
kendra, 
kendra, 
kevin, 
wendy, 
kevin, 
kendra, 
kendra, 
ken, 
marci, 
kendra, 
kendra, 
kevin, 
kevin, 
marci, 
wendy, they cookies
kendra, 
marci, 
kendra, 
marci, 
kendra, 
wendy, 
kendra, yep don't
wendy, don't
wendy, don't forget
marci, don't forget to buy yourself a
marci, and
wendy, and
kevin, and don't forget to take the tupperware out of your oven before
wendy, and don't forget to
kevin, before you turn it on
wendy, it on
marci, I'm
kendra, I'm
kendra, I'm
kendra, I'm going
kendra, going
kendra, going
kendra, going
kendra, going to fill up baby to covered you'll
kevin, you'll
kendra, you'll be surprised
wendy, you'll be surprised
kendra, 
marci, 
kevin, 
wendy, 
kendra, 
wendy, 
ken, no food processor and
ken, and everything
kendra, 
kendra, 
ken, 
ken, 
ken, 
ken, 
ken, 
marci, 
kevin, 
ken, 
ken, 
ken, I don't
marci, I don't
kevin, I don't
kevin, don't think we took any time today or put
marci, any time today or put
kendra, put
ken, put
marci, put
wendy, put
kendra, put
kendra, put
wendy, put
kendra, put
kendra, put
kendra, put you in my chest
marci, put you in my chest I
kendra, I know
ken, I know Kelly
kendra, know Kelly said she asked for it
kendra, it I was like I
kendra, I saw before she didn't
kendra, didn't I asked a long time ago and
kendra, and nobody said anything will
kendra, will
kendra, will find out what it is if
kevin, if
wendy, if
ken, if
marci, if
kendra, if
ken, if
kendra, if
ken, if
kendra, if
marci, if
kendra, if
marci, if
kendra, if
kendra, if I can
kendra, can either
kendra, either like a cedar or
ken, either like
kendra, or something
kendra, 
ken, 
kendra, 
ken, 
wendy, I did not feel
wendy, 
ken, 
marci, 
marci, so
wendy, so you want to hook up chest
marci, chest
wendy, chest
marci, chest
marci, 
kendra, 
kendra, 
kendra, tell your mom I said thank
kendra, thank you
wendy, 
wendy, 
wendy, I know
kendra, I know Rubbermaid
marci, Rubbermaid makes the best spatula non
kendra, non breakable
kendra, 
wendy, 
kendra, 
marci, when
kevin, when
marci, when do you get
marci, get I've
wendy, get I've
marci, I've
marci, I've got
wendy, I've
wendy, I've
wendy, I've got to check the stuff out
wendy, out
wendy, going
wendy, going
wendy, going to be drunk I'm
wendy, I'm not going to get for Kendra
kendra, for Kendra says she'll
wendy, Kendra says she'll
ken, she'll
wendy, she'll break it
kendra, she'll break it
marci, it yourself
wendy, yourself and
wendy, and blame it on me so
wendy, so yeah
x, so yeah
kevin, yeah
marci, yeah
kendra, yeah
kendra, 
ken, 
marci, 
wendy, 
marci, 
wendy, 
marci, 
marci, 
marci, and
kevin, and
wendy, and you
kevin, you have
kendra, you
wendy, you have a dishwasher in your apartment
kendra, you have a dishwasher
kendra, apartment call
kendra, call
wendy, call Honey
wendy, 
ken, 
wendy, 
kendra, 
kendra, yeah
kendra, car wash dishes you
wendy, you have any furniture yet or
kendra, or taking that couch and
kendra, and that's
wendy, that's what I'll have room
kendra, that's what I'll have room for it
wendy, room for it I just
kendra, just
kendra, just
kevin, just
wendy, just
kendra, just
kevin, just
kevin, just
kevin, just bought and
kendra, bought and
kendra, and
wendy, and
wendy, and
kevin, and
wendy, and
kevin, and put it on layaway
wendy, and put it on layaway
kevin, layaway
kendra, layaway
kevin, layaway
wendy, layaway
ken, layaway
kendra, layaway
kevin, layaway
kevin, layaway
kevin, layaway
wendy, layaway
kevin, layaway
marci, layaway
wendy, layaway and I
kevin, layaway and I
kendra, I
kevin, I
kevin, I
kendra, I
kendra, I
kevin, I
kendra, I
kevin, I
kevin, I
kendra, I
kevin, I had a pair of blue jeans
wendy, I
kendra, I had a pair
kevin, it
kevin, it
kevin, it was a yellow Adidas shirt
kevin, shirt and a new belt and
wendy, a new belt
marci, and
wendy, and I'm laid it all out
kevin, and I'm laid it all out on the couch
marci, and I'm laid it all out on the couch and Tigger
kevin, couch and Tigger puked on it
kendra, 
marci, 
ken, text
kendra, text
marci, text free
kendra, text free
kevin, 
wendy, 
wendy, we
wendy, we
kendra, we
kendra, we
wendy, we have end
wendy, end tables
wendy, tables to Bulgaria
x, 
kevin, 
kevin, 
wendy, 
wendy, 
$ indeterminate between "too" and "two" 1014.99 1015.39 kendra, 
$ indeterminate between "too" and "two" 1014.99 1015.39 kendra, 
wendy, 
wendy, 
kevin, 
wendy, what
kendra, what are the front
kevin, what are the front end
kevin, end in the hind end
wendy, end
ken, I
kevin, I don't
marci, I don't
wendy, I
wendy, I
kendra, I don't want
wendy, I don't
kevin, don't
wendy, don't want
wendy, want me to different
kendra, want me to different grandma
kevin, to different grandma
wendy, different grandma
kendra, grandma
kendra, 
wendy, 
kendra, 
wendy, 
kendra, 
kendra, 
kendra, 
wendy, 
kevin, 
kendra, 
wendy, 
kevin, 
wendy, 
kendra, 
kendra, 
kendra, 
kendra, 
wendy, 
ken, 
kevin, 
ken, 
ken, 
kevin, 
kendra, 
kendra, 
kendra, 
kevin, 
kevin, 
ken, 
wendy, 
kendra, 
kendra, 
kendra, 
kevin, 
wendy, do you want
kendra, do you want what you
wendy, want what you
wendy, you got deathly
kevin, you got deathly silent
wendy, deathly silent
ken, 
ken, 
kevin, 
ken, 
wendy, 
wendy, 
kevin, 
wendy, think you'll get married have a
kendra, American
wendy, American money in
kendra, American money in
ken, in here I'm going
kendra, in here
kendra, here I'm going to be a manager of a Merrill Lynch Branch
ken, Branch over
kendra, over 70
kendra, 70
ken, 
marci, 
marci, 
marci, 
marci, America
kevin, America
kendra, America
ken, America
ken, America
kendra, America
kevin, America sometime
kendra, America sometime
kendra, sometime
kendra, sometime
ken, sometime
wendy, sometime
kendra, sometime
kendra, sometime
ken, sometime
marci, sometime
ken, sometime
ken, sometime
kendra, sometime
ken, sometime
marci, sometime
ken, sometime
kendra, sometime
kendra, sometime
kendra, sometime
wendy, sometime with the machine gun in
kendra, sometime
wendy, in Home
wendy, Home Alone
ken, Home Alone
kevin, Alone
ken, 
kendra, 
wendy, 
ken, 
ken, 
ken, how
marci, how
kendra, how
kevin, how
kevin, how do
marci, how do you say
ken, do
wendy, do you say
ken, do you say
kevin, do you say
kevin, say
kevin, say birthday to you
wendy, say birthday to you
marci, say birthday to you
ken, say birthday to you
kevin, happy
marci, happy birthday
kevin, happy birthday dear Karen Drive
ken, happy birthday dear Karen Drive
wendy, happy birthday dear Karen Drive
kendra, 
kevin, 
ken, 
kevin, 
wendy, 
kendra, 
kevin, 
wendy, 
marci, 
marci, quarters of the century perhaps
kendra, 
kendra, 
kevin, 
marci, 
wendy, 
kendra, 
kendra, 
kendra, 
kendra, oh
kevin, oh that's
marci, that's nasty
kevin, that's
kevin, that's nasty
marci, 
kevin, 
wendy, 
kevin, 
kevin, 
wendy, 
wendy, 
kendra, 
marci, 
ken, 
kevin, 
kendra, 
kendra, 
kendra, everybody
kevin, everybody
wendy, everybody
wendy, everybody ready ready
ken, everybody ready
ken, ready
marci, ready 1 2 3
ken, ready
wendy, ready
wendy, ready 1 2
wendy, 2 3
wendy, 3
many, I
kevin, I think they're relightable they
wendy, relightable they
wendy, they
kendra, they
kevin, they are they
wendy, they are they
marci, they are they
marci, they are when they do
kevin, they are when
kevin, when they do that
ken, that
kevin, 
kevin, don't
marci, don't talk Spanish
ken, don't talk Spanish
kendra, don't talk Spanish
kevin, 
marci, Spanish
kevin, dang
ken, dang
ken, dang Duncan answers all over me
kendra, dang Duncan
kevin, Duncan answers all over me
kendra, Duncan answers all over me
kendra, me
ken, me
marci, smoke
kendra, smoke
ken, smoke
kevin, smoke alarm
marci, smoke alarm
kendra, 
kendra, 
ken, 
marci, 
ken, 
marci, 
kendra, 
kendra, 
marci, what the hell last
marci, 
kevin, last
kevin, last
marci, last time you did that
kendra, last
kendra, last
kevin, last time you did that Dad
kevin, Dad and the Brain
kendra, the Brain
wendy, Brain
wendy, 
kendra, shrimp
kevin, shrimp cake
wendy, 
marci, 
kevin, 
wendy, 
wendy, give
marci, give
kevin, give
marci, give you a rice cake with
wendy, a rice cake with cheddar
marci, with cheddar on it
marci, it if you'd like I don't I
kendra, like I don't I
marci, I don't want to
kendra, I don't want to hurt you I
kendra, I mean I like what
kendra, what
wendy, what
marci, what
wendy, what
marci, what you like and don't like me
marci, me saying
kevin, me saying
marci, saying
kendra, saying
kevin, saying
kevin, saying
kendra, saying I
wendy, I hate
kendra, I hate ice cream
wendy, cream
kendra, cream I hate ice cream
kendra, cream Kelly
kevin, Kelly
kendra, Kelly was
kendra, was
kevin, was
kendra, was
kendra, was
kevin, was
marci, was
marci, was
wendy, was
kendra, was
kendra, was
wendy, was
wendy, was
wendy, was roommate though
wendy, 
kendra, yeah but
kendra, but that shouldn't mean that she should know we
ken, we
ken, we
kevin, we just cut
marci, we just cut
kevin, cut
marci, cut off the cake from every slice than any deposit
kendra, cut off the
ken, the cake
wendy, any deposit
marci, deposit like
kendra, deposit like
kendra, like
kendra, like
kendra, like
ken, like
ken, like
kendra, like
kendra, like
kevin, like
kendra, like wedding cakes wedding
kevin, like wedding cakes
kevin, cakes
kevin, wedding
kevin, wedding
kevin, wedding
wendy, wedding cakes the
ken, the name what
wendy, the name what kind
wendy, kind
kendra, kind
wendy, kind of cake
kendra, kind of cake
kendra, cake white cake with
kendra, with my
marci, with my
ken, my
kendra, my
marci, my
kendra, my
marci, my
kevin, my
ken, my
kevin, my
kevin, my
kendra, my friend Kevin
marci, my friend Kevin
wendy, Kevin and I are going to share it when
kendra, to share it when
marci, when
kendra, when
kendra, when
kendra, when
marci, when
marci, when
kendra, when
kendra, when
kendra, when
kendra, when
kendra, when
kendra, when are
marci, when are you going to share one
marci, one so if you don't want one don't
marci, don't cut it I
kendra, I do it
ken, 
kendra, 
kendra, 
ken, 
ken, 
ken, 
wendy, 
ken, 
ken, 
kendra, 
kendra, 
kevin, 
kevin, 
wendy, 
kendra, 
kendra, 
wendy, 
kendra, 
marci, no
marci, no I can't have anything
marci, anything on my
wendy, my bike
ken, 
wendy, I'm
kendra, I'm
kevin, I'm
kevin, I'm
marci, I'm
marci, I'm
marci, I'm
wendy, I'm
kevin, I'm
ken, I'm going
kevin, I'm going
marci, I'm going to take a shower
kevin, shower
kevin, 
marci, 
marci, 
kendra, 
kendra, 
kendra, 
kendra, 
ken, actually
wendy, actually
wendy, actually were the one who said we didn't want to buy you a cake so
wendy, so you
wendy, you can win
kendra, 
kendra, 
kendra, 
marci, well let's listen
marci, listen I
marci, I figure I was doing well do if it the steaks which
marci, which I also did you know was your favorite thing
kendra, did you know was
kendra, 
kendra, 
kendra, 
marci, so
kendra, so
marci, so can
marci, can you can finish that off and
marci, and if you don't Kyle
marci, Kyle will
ken, will
kevin, 
wendy, 
kevin, 
kendra, 
kendra, 
kevin, 
kevin, 
marci, 
kendra, 
kendra, 
kendra, 
kendra, 
marci, 
marci, scarfing
wendy, what
kevin, what
kevin, what about the green cake instead
kendra, instead cuz
wendy, instead cuz
marci, cuz my throat hurt
kendra, cuz my throat hurt piece
wendy, hurt piece
kendra, piece
marci, piece
wendy, piece
kendra, piece
wendy, piece
wendy, piece
wendy, piece
marci, piece
kendra, piece
marci, piece
wendy, piece
marci, piece
kendra, piece of wedding cake about
kendra, about this bag
wendy, 
kendra, 
kendra, 
kendra, 
kendra, 
kendra, 
wendy, 
kendra, 
kendra, 
kendra, 
kevin, my Paperwhite
kendra, my Paperwhite
kendra, Paperwhite Ashley
kevin, Ashley
kendra, 
marci, 
marci, 
kevin, 
wendy, 
marci, 
kendra, 
marci, 
marci, 
kendra, that is what you think
kevin, that
kevin, 
kevin, 
marci, 
kevin, 
marci, 
kevin, 
wendy, 
marci, 
kevin, 
wendy, 
marci, 
kevin, 
kevin, 
marci, 
kendra, 
kevin, 
marci, 
kevin, 
marci, 
marci, 
kevin, we
marci, we have really off the deep end and
kevin, really off the deep
kevin, and
marci, and
wendy, and
wendy, and
wendy, and
ken, and you sure you want to go
marci, and you
kendra, and you
kendra, you
kendra, you sure you want to go over there for salvation
kendra, salvation
kendra, salvation any
wendy, salvation
kevin, salvation
kendra, any relief
kendra, relief Google
wendy, I'll
kevin, I'll be there
wendy, 
marci, 
wendy, 
kendra, he might have to you
marci, you and Kelly ICE what's
kendra, you and Kelly
kendra, Kelly ICE what's
kevin, what's
marci, what's
kevin, what's a
kendra, what's a ice cream frozen
kevin, frozen
kendra, frozen
marci, frozen yogurt how
kevin, how is
kendra, how is it
kevin, is it
marci, 
wendy, 
kevin, 
marci, 
marci, 
kevin, 
kevin, 
kendra, 
marci, can
kendra, can I call
kendra, call you
kevin, call you
marci, you
kevin, you
kendra, you
marci, you
kendra, you real quick
kendra, 
marci, the tires of this car
wendy, car
marci, 
wendy, 
marci, 
kendra, 
kevin, we
marci, we got
kevin, we got new tires on the front
marci, 
kendra, 
wendy, 
wendy, 
ken, 
kendra, 
wendy, 
marci, 
marci, 
kevin, 
marci, 
wendy, 
marci, 
wendy, car and
wendy, and got it all taken care of Wednesday oil
kevin, oil change new
wendy, oil change new
wendy, new windshield wipers
marci, 
kevin, 
wendy, that's another $1 in the car how
kevin, that's another $1 in the car how
kendra, how much did it windshield wipers cost
wendy, much did it windshield wipers
ken, did it windshield
ken, windshield wipers
ken, wipers cost
ken, 
wendy, 
kevin, 
ken, 
ken, 
ken, 
wendy, 
kevin, 
wendy, 
kevin, 
kevin, 
wendy, 
wendy, send it in and said
wendy, said check these things and
wendy, and replace whatever needs to be replaced and
wendy, and so they replaced
marci, and so they replaced everything you should check when
kevin, when
wendy, when
wendy, when
marci, when
wendy, when
marci, when
kevin, when
kevin, when
marci, when
kevin, when
kevin, when
kevin, when do
ken, when do
kendra, when do they cost $5
wendy, when do they cost $5
wendy, $5
kevin, $5
kendra, $5
ken, $5
marci, $5
kevin, 
kendra, 
kendra, 
wendy, 
wendy, 
marci, 
ken, 
kevin, 
kevin, 
wendy, 
kevin, 
kevin, 
kevin, 
kevin, and I already
kevin, already knew what I needed so
kevin, so I didn't have title about what kind of tires are
kevin, are where you
kevin, you know put
kevin, put in front
kevin, front or back Allen
kevin, Allen County motors already told me you
kevin, you know all
kevin, all that stuff
marci, I made them get me my tire
kendra, I made them get me my tire cuz
kendra, cuz I couldn't drive anywhere
wendy, you can't afford to mess around with her car you
kevin, you
wendy, you just can't
wendy, can't yeah
wendy, yeah
wendy, yeah
kendra, yeah but
kendra, but I put for five bucks
kendra, bucks and 1515
kendra, 1515
wendy, 1515
kevin, 1515
wendy, 1515
ken, 1515
kevin, 1515
kevin, 1515 +
ken, 1515 +
kevin, 
kevin, 
marci, 
kendra, you should see mine buddy
kevin, buddy that
kendra, buddy that
ken, buddy that
kevin, that
kevin, that
wendy, that
wendy, that
wendy, that
wendy, that
wendy, that
wendy, that it takes to go out and get them and
wendy, and install them I'd
wendy, I'd rather pay the money cuz
wendy, cuz
kevin, cuz I know
kevin, know what time
wendy, know what time is we
kendra, time is we
wendy, we just do not have time to
kendra, to spend some more money on clothes
wendy, spend some more money
ken, can't make them cuz
wendy, cuz why
marci, cuz why
ken, 
kendra, 
kevin, 
marci, 
kendra, 
kevin, 
wendy, 
marci, 
wendy, 
kevin, 
marci, 
wendy, 
kevin, 
marci, 
ken, 
wendy, 
kevin, 
kendra, 
ken, 
kendra, 
marci, 
marci, your momma
kendra, your momma loves me cuz she's fast why I take all
wendy, she's fast why I take all my all
kendra, all my all
marci, my all
marci, 
kendra, 
kendra, Walmart
wendy, Walmart alterations go to Edna Church
marci, Church
kevin, Church
kendra, Church
wendy, Church
marci, Church
marci, Church
marci, Church
kevin, Church
wendy, Church
kevin, Church
marci, Church
kendra, Church
marci, Church down south a
marci, a little time and whenever
kevin, whenever
marci, whenever Nick told me about it
marci, it it was because they should have wanted to go to
marci, to a smaller congregation
kevin, congregation but
marci, but when they announced it in church and
marci, and we prayed for them it
marci, it was because they
marci, they they were
marci, were
marci, were going to go out because
marci, because they felt called
marci, called so I
kevin, so I
marci, I don't know what the real story is
marci, 
marci, I
kevin, I
wendy, I
wendy, I
wendy, I think their motives must be pretty to
wendy, to talk to Ron about it
wendy, it and make it public but
marci, and make it public but
marci, but
wendy, but
wendy, but
marci, but
wendy, but yeah
wendy, yeah
wendy, yeah
marci, yeah
wendy, yeah
wendy, yeah
wendy, yeah surgery upset
marci, yeah surgery
marci, surgery upset
wendy, upset about that I'm
wendy, I'm
marci, I'm in bed and I don't
wendy, don't
marci, don't
wendy, don't
wendy, don't
marci, don't
kendra, don't
kevin, don't
wendy, don't
kevin, don't
marci, don't
kevin, don't even think they caught him on a on
wendy, don't even think they
kevin, on a scene yeah
marci, yeah they tried to Grandma
kevin, Grandma
kendra, Grandma
marci, Grandma
kevin, Grandma
wendy, Grandma
kevin, Grandma
marci, Grandma
wendy, Grandma
marci, Grandma
wendy, Grandma
marci, Grandma
marci, Grandma
kendra, Grandma
marci, Grandma
marci, Grandma
marci, Grandma makes us a quilt
marci, quilt and she makes a double bed quilt for a king size bed so
marci, so of course it doesn't fit
marci, fit so
marci, 
kevin, 
kendra, 
marci, Calico
marci, Calico to put around
wendy, 
marci, 
marci, 
marci, 
marci, 
marci, 
marci, 
ken, 
kevin, 
marci, 
kevin, 
marci, well she made me the wedding now I
kendra, I should
marci, should
kevin, should
marci, should have worn it tonight
kevin, tonight I forgetting
marci, tonight I forgetting to wear that when you're over here
kevin, 
wendy, 
marci, Nigerian wedding
kevin, Nigerian wedding
wendy, Nigerian
kevin, wedding
kevin, we can't worms
kevin, worms Africa
kevin, 
marci, 
marci, 
kendra, 
ken, 
kendra, 
marci, 
kendra, I
wendy, I got it
kevin, oh
marci, oh
wendy, oh
wendy, oh now
wendy, now you put it back up
kevin, 
marci, 
wendy, 
marci, 
kevin, 
wendy, 
wendy, 
wendy, 
marci, 
kevin, 
kevin, 
marci, gross
kendra, 
kevin, 
marci, 
marci, 
marci, 
kevin, 
wendy, well
wendy, 
[['kevin', [u'Alison']], ['wendy', [u'Alison']], ['wendy', [u'Alison']], ['ken', [u'Alison', u'cream', u'soda']], ['wendy', [u'Alison', u'cream']], ['kevin', [u'soda']], ['ken', [u'soda']], ['wendy', []], ['wendy', []], ['kendra', []], ['marci', []], ['marci', []], ['marci', []], ['marci', []], ['ken', []], ['wendy', []], ['ken', []], ['kendra', []], ['wendy', []], ['kendra', []], ['wendy', []], ['marci', [u'but', u"I'm", u'going', u'to', u'complain', u'about', u'it']], ['marci', [u'it', u'they', u"don't", u'make', u'white', u'gravy']], ['marci', []], ['marci', []], ['marci', []], ['marci', []], ['marci', []], ['wendy', []], ['wendy', []], ['wendy', []], ['wendy', [u'regular']], ['marci', [u'regular', u'regular']], ['marci', []], ['ken', []], ['wendy', [u'I', u'was', u'kind', u'of', u'wondering', u'about', u'that', u'bottled', u'water', u'for']], ['wendy', [u'for', u'the', u'sparkling', u'water', u'but']], ['wendy', [u'but', u'they', u"don't", u'make', u'this']], ['marci', [u'but', u'they', u"don't", u'make', u'this', u'kind', u'at', u'all', u'anymore']], ['kendra', [u'make', u'this']], ['kendra', [u'all', u'anymore']], ['kendra', []], ['wendy', []], ['marci', []], ['kendra', []], ['kendra', []], ['ken', []], ['marci', []], ['marci', []], ['kendra', []], ['wendy', []], ['marci', []], ['marci', []], ['wendy', []], ['wendy', []], ['marci', []], ['wendy', []], ['kevin', []], ['kendra', []], ['ken', []], ['marci', []], ['marci', []], ['ken', [u"that's"]], ['ken', [u"that's"]], ['kendra', [u"that's"]], ['kevin', [u"that's"]], ['kendra', [u"that's"]], ['kevin', [u"that's"]], ['kendra', [u"that's"]], ['wendy', [u"that's"]], ['wendy', [u"that's"]], ['wendy', [u"that's"]], ['marci', [u"that's"]], ['wendy', [u"that's"]], ['kendra', [u"that's"]], ['marci', [u"that's"]], ['kevin', [u"that's"]], ['kendra', [u"that's"]], ['ken', [u"that's"]], ['kevin', [u"that's"]], ['kendra', [u"that's"]], ['wendy', [u"that's"]], ['wendy', [u"that's"]], ['marci', [u"that's"]], ['kendra', [u"that's"]], ['kendra', [u"that's"]], ['marci', [u"that's"]], ['ken', [u"that's", u'right']], ['kevin', [u"that's", u'right']], ['kevin', [u'right', u'there', u'is', u'more', u'to', u'tonight']], ['wendy', []], ['wendy', []], ['wendy', []], ['x', []], ['kendra', []], ['wendy', [u'well', u'I', u'have']], ['wendy', []], ['wendy', []], ['marci', []], ['ken', []], ['marci', []], ['kendra', [u'well']], ['wendy', [u'well', u"she's", u'in', u'here', u'stopping', u'I']], ['marci', [u'stopping', u'I', u'hope', u"you're", u'having']], ['wendy', [u'I', u'hope', u"you're", u'having', u'Wendy']], ['marci', [u'having', u'Wendy']], ['kevin', [u'Wendy', u'has', u'tried', u'her', u'hand']], ['kevin', [u'hand', u'for', u'the', u'first', u'time', u'at', u'making', u'a', u'clue', u'or']], ['ken', [u'or']], ['ken', [u'or', u'clue', u'well']], ['kevin', [u'well']], ['wendy', [u'well']], ['ken', [u'well']], ['wendy', [u'well']], ['wendy', [u'well']], ['kendra', [u'well']], ['kendra', [u'well']], ['kevin', [u'well']], ['kendra', [u'well']], ['kevin', [u'well', u"it's", u'definitely', u'stupid']], ['ken', [u"it's", u'definitely', u'stupid']], ['kevin', [u'stupid']], ['kendra', [u'stupid']], ['wendy', [u'stupid']], ['ken', [u'stupid']], ['kevin', [u'stupid']], ['wendy', [u'stupid']], ['marci', [u'stupid']], ['wendy', [u'stupid']], ['x', [u'stupid']], ['wendy', [u'stupid']], ['marci', [u'stupid']], ['marci', [u'stupid']], ['wendy', [u'stupid']], ['wendy', [u'stupid']], ['wendy', [u'stupid']], ['kevin', [u'stupid']], ['kevin', []], ['wendy', []], ['ken', []], ['kendra', []], ['kevin', []], ['ken', []], ['kendra', []], ['marci', []], ['wendy', []], ['marci', [u'I']], ['ken', [u'I']], ['marci', [u'I']], ['ken', [u'I', u"don't", u'think', u'any']], ['kevin', [u'I', u"don't", u'think', u'any', u'will', u'guess', u'it', u'though']], ['wendy', [u'any']], ['kevin', [u'though', u'so']], ['marci', [u'so']], ['ken', [u'so']], ['ken', [u'so', u"that's"]], ['kevin', [u'so', u"that's", u'the', u'whole']], ['kevin', [u'whole', u'point', u'of']], ['wendy', [u'of']], ['wendy', [u'of']], ['wendy', [u'of']], ['wendy', [u'of']], ['kevin', [u'of']], ['wendy', [u'of']], ['kendra', [u'of']], ['kendra', [u'of']], ['marci', [u'of']], ['kevin', [u'of']], ['kendra', [u'of']], ['kevin', [u'of']], ['kevin', [u'of']], ['wendy', [u'of']], ['kendra', [u'of']], ['kevin', [u'of']], ['marci', [u'of', u'an', u'exponential']], ['kevin', [u'of', u'an', u'exponential', u'for']], ['marci', [u'for', u'Xbox']], ['wendy', [u'for', u'Xbox']], ['marci', []], ['marci', []], ['wendy', []], ['wendy', []], ['wendy', []], ['kevin', []], ['kendra', []], ['wendy', []], ['wendy', []], ['wendy', []], ['ken', []], ['kendra', []], ['ken', []], ['wendy', []], ['ken', []], ['marci', [u'on', u'my', u'tooth']], ['kendra', []], ['kendra', [u'on', u'my', u'tooth']], ['kendra', [u"it's"]], ['marci', [u"it's"]], ['wendy', [u"it's", u'stuck', u'in', u'your', u'gum']], ['kevin', []], ['wendy', [u'shootout']], ['marci', [u'shootout']], ['wendy', []], ['kevin', []], ['wendy', []], ['kevin', []], ['wendy', []], ['ken', [u'images', u"don't", u'open']], ['kendra', [u'images', u"don't", u'open', u'your', u'mouth']], ['wendy', [u'open', u'your', u'mouth']], ['ken', []], ['marci', []], ['wendy', []], ['marci', []], ['marci', [u'barely']], ['wendy', [u'barely', u'see', u'it']], ['ken', [u'barely', u'see', u'it']], ['marci', []], ['wendy', [u'Big']], ['wendy', [u'Big', u'Lots', u'on', u'YouTube']], ['marci', []], ['wendy', []], ['wendy', []], ['kendra', []], ['marci', []], ['kendra', []], ['kendra', []], ['wendy', [u'everybody']], ['kevin', []], ['wendy', []], ['kevin', []], ['ken', []], ['wendy', []], ['marci', []], ['kendra', []], ['marci', [u'tired']], ['wendy', [u'tired']], ['marci', [u'tired']], ['kendra', []], ['wendy', [u'yeah', u'I']], ['wendy', [u'I']], ['wendy', [u'I', u'mean']], ['kendra', [u'I', u'mean']], ['wendy', [u'mean', u'when', u'Mary', u'tells']], ['kendra', [u'mean', u'when', u'Mary', u'tells', u'me', u'to', u'go', u'to', u'sleep', u'over', u'the', u'weekend', u'you']], ['kendra', [u'you', u'know', u'I', u'need', u'to', u'go', u'to', u'sleep', u'over', u'the', u'weekend']], ['wendy', [u'weekend', u"that's", u'good', u"you're", u'getting', u'some', u'good', u'rest', u'I']], ['wendy', [u'I', u'have', u'mentioned', u'about', u'10', u'out', u'my']], ['marci', [u'have', u'mentioned']], ['marci', [u'mentioned', u'about', u'10', u'out', u'my']], ['kevin', [u'mentioned', u'about', u'10']], ['wendy', [u'my']], ['kendra', [u'my']], ['kendra', [u'my', u'10', u'hours', u'every']], ['kendra', [u'every', u'night', u'and']], ['kendra', [u'and', u"I'm", u'still', u'like']], ['kendra', [u'like', u'but']], ['kendra', [u'but', u'I', u'think', u"I'm", u'over', u'it.', u'And', u"I'm", u'like', u'what']], ['wendy', [u'but', u'I', u'think', u"I'm", u'over', u'it.', u'And', u"I'm"]], ['wendy', [u"I'm", u'like', u'what']], ['wendy', [u'what', u'is', u'wrong', u'with', u'me']], ['wendy', [u'me', u'that', u'I', u'am', u'sleeping', u'so', u'much', u'are']], ['kendra', [u'are']], ['wendy', [u'are']], ['wendy', [u'are']], ['kendra', [u'are']], ['wendy', [u'are']], ['marci', [u'are']], ['wendy', [u'are']], ['x', [u'are']], ['marci', [u'are', u'you']], ['kevin', [u'are', u'you']], ['kendra', []], ['marci', []], ['marci', []], ['kendra', []], ['kendra', []], ['wendy', []], ['wendy', []], ['wendy', [u'Beyonce']], ['marci', [u'Beyonce']], ['kendra', [u'Beyonce', u'when', u'she', u'was', u'pregnant']], ['wendy', [u'Beyonce', u'when', u'she', u'was', u'pregnant']], ['kendra', [u'pregnant']], ['kevin', [u'pregnant']], ['kendra', [u'pregnant']], ['kendra', [u'pregnant']], ['kevin', [u'pregnant']], ['kendra', [u'pregnant']], ['marci', []], ['wendy', []], ['kendra', []], ['wendy', []], ['marci', [u'Trish']], ['marci', [u'Trish']], ['wendy', [u'Trish']], ['wendy', [u'Trish']], ['wendy', [u'Trish']], ['kendra', [u'Trish']], ['wendy', [u'Trish']], ['kendra', [u'Trish']], ['marci', [u'Trish', u'told']], ['marci', [u'told', u'me', u'she', u'was', u'playing', u'some']], ['wendy', [u'was', u'playing', u'some']], ['marci', [u'some']], ['marci', [u'some']], ['wendy', [u'some']], ['wendy', [u'some']], ['kendra', [u'some']], ['kendra', [u'some', u'little', u'bitty', u'Church', u'from']], ['kendra', [u'from', u'where', u'I', u'am', u'now', u'going']], ['wendy', [u'going', u'to', u'see', u'your']], ['kendra', [u'your']], ['wendy', [u'your']], ['marci', [u'your', u'friend', u'right']], ['marci', [u'right', u'shower']], ['kendra', [u'right', u'shower']], ['marci', [u'shower']], ['marci', [u'shower']], ['marci', [u'shower']], ['marci', [u'shower', u'at', u"Becky's", u'house']], ['x', []], ['marci', [u'that', u'she', u'was', u'pregnant', u'again', u'like']], ['marci', [u'like', u'2', u'weeks', u'pregnant']], ['kendra', [u'pregnant', u'I']], ['marci', [u'I', u'thought']], ['kendra', [u'I', u'thought']], ['marci', [u'thought']], ['kendra', [u'thought']], ['marci', [u'thought']], ['marci', [u'thought']], ['kendra', [u'thought']], ['wendy', [u'thought']], ['marci', [u'thought']], ['marci', [u'thought']], ['kendra', [u'thought']], ['wendy', [u'thought']], ['marci', [u'thought']], ['kendra', [u'thought']], ['marci', [u'thought', u'it', u'was', u'her']], ['wendy', []], ['marci', []], ['wendy', []], ['wendy', []], ['marci', []], ['kendra', [u'Trish']], ['wendy', [u'Trish']], ['marci', [u'Trish']], ['kevin', [u'Trish', u'I']], ['marci', [u'I', u"haven't", u'even', u'seen', u'her']], ['marci', [u'her', u'for', u'years']], ['wendy', []], ['kendra', []], ['kendra', []], ['kendra', []], ['marci', []], ['marci', []], ['kendra', []], ['marci', []], ['wendy', []], ['kendra', []], ['kendra', []], ['kendra', []], ['marci', []], ['kendra', []], ['kendra', []], ['wendy', []], ['kendra', []], ['wendy', []], ['marci', []], ['marci', [u'is', u'she', u'working', u'yet']], ['marci', [u'yet', u'or', u'still']], ['marci', [u'still', u'at', u'home', u'no']], ['wendy', [u'no']], ['kendra', [u'no']], ['wendy', [u'no']], ['wendy', [u'no']], ['wendy', [u'no']], ['kendra', [u'no']], ['kendra', [u'no']], ['kendra', [u'no']], ['kendra', [u'no']], ['marci', [u'no']], ['marci', [u'no']], ['marci', [u'no']], ['marci', [u'no', u'to', u'that', u'point', u'she', u'was']], ['kendra', [u'no', u'to', u'that', u'point']], ['kendra', [u'point', u'she', u'was', u'still', u'on', u'and', u'in']], ['kendra', [u'in', u'unending', u'money', u'Street']], ['kendra', [u'to', u'the', u'passage', u'to', u'get', u'on', u'her', u'husband', u'yeah']], ['kendra', [u'yeah']], ['kendra', [u'yeah']], ['marci', [u'yeah', u'but', u'has', u'30,000']], ['kendra', [u'has', u'30,000']], ['marci', [u'30,000']], ['kendra', [u'30,000']], ['marci', [u'30,000']], ['kendra', [u'30,000']], ['marci', [u'30,000']], ['kendra', [u'30,000']], ['marci', [u'30,000', u'out']], ['wendy', [u'30,000', u'out']], ['wendy', [u'out', u'was', u'supposed', u'to', u'pay', u'line', u'continuously']], ['kendra', [u'to', u'pay', u'line', u'continuously']], ['wendy', []], ['kendra', []], ['kendra', []], ['kendra', []], ['kendra', []], ['kevin', []], ['kevin', []], ['wendy', []], ['ken', []], ['kevin', []], ['wendy', []], ['marci', [u'how']], ['wendy', [u'how', u'much', u'is', u'your', u'life', u'insurance', u'for']], ['marci', []], ['kendra', []], ['ken', []], ['kevin', []], ['kevin', []], ['marci', []], ['wendy', []], ['kendra', []], ['marci', []], ['ken', []], ['kendra', []], ['wendy', []], ['kendra', []], ['marci', []], ['marci', []], ['kendra', []], ['marci', []], ['marci', []], ['kendra', []], ['kendra', [u'somebody', u'want']], ['wendy', [u'somebody', u'want', u'some', u'presents', u'were']], ['marci', [u'were']], ['marci', []], ['wendy', [u'I', u'think', u'she', u'wants', u'some', u'presents', u'that']], ['marci', [u'that', u'was', u'some', u'cards']], ['kendra', [u'that', u'was', u'some', u'cards']], ['kendra', [u'cards', u'or', u'something', u'that']], ['marci', [u'something', u'that', u'we', u'do']], ['kendra', [u'that', u'we', u'do']], ['wendy', []], ['marci', []], ['wendy', []], ['kevin', []], ['marci', []], ['marci', []], ['marci', []], ['kendra', [u'chill', u"what's"]], ['ken', [u'chill', u"what's"]], ['marci', [u"what's", u'mean']], ['wendy', [u'mean']], ['kendra', [u'yo', u'babe']], ['kendra', [u'babe', u'how', u'come', u'this', u'comes', u'into', u'fart', u'plastic']], ['wendy', [u'plastic']], ['kendra', [u'plastic']], ['ken', [u'plastic']], ['marci', [u'plastic']], ['marci', [u'plastic', u'bag']], ['kendra', [u'plastic', u'bag']], ['wendy', []], ['kendra', []], ['marci', []], ['wendy', []], ['wendy', []], ['kendra', []], ['kendra', []], ['kendra', []], ['marci', []], ['kendra', []], ['kendra', []], ['wendy', []], ['kendra', [u'thank', u'you', u'for']], ['ken', [u'thank', u'you', u'for']], ['kendra', [u'for', u'those', u'hard', u'to', u'cut', u'something']], ['kendra', [u'something', u'on']], ['kendra', []], ['kendra', []], ['wendy', []], ['kendra', []], ['kendra', [u'YouTube']], ['wendy', [u'YouTube', u'Senor']], ['kendra', [u'Senor', u'De', u'of', u'Little', u'Treasures']], ['kendra', [u'Treasures', u'Simple', u'Pleasures']], ['kendra', [u'Pleasures', u'happy', u'birthday', u"they're"]], ['kendra', [u"they're", u'always', u'dorky', u'but']], ['kendra', [u'but', u'at', u'least', u'they', u'have', u'cats', u'on', u'it']], ['kendra', [u'it', u'right']], ['wendy', []], ['kendra', []], ['marci', []], ['kevin', []], ['kendra', []], ['wendy', []], ['wendy', []], ['wendy', []], ['kendra', []], ['wendy', []], ['marci', []], ['kendra', []], ['wendy', []], ['kendra', []], ['marci', []], ['kendra', [u'be']], ['wendy', [u'be']], ['kendra', [u'be', u'full', u'of', u'love', u'joy', u'peace', u'Lord']], ['kendra', [u'Lord', u'we', u'love', u'you']], ['kendra', [u'you', u'Kevin', u'wedding', u'veils']], ['kendra', [u'veils', u'a']], ['kevin', [u'veils']], ['kendra', [u'a', u'piece', u'the', u'monster', u'that']], ['wendy', [u'between', u'she']], ['kevin', [u'that', u'is', u'between', u'she']], ['wendy', [u'she', u'might']], ['ken', [u'she', u'might', u'not']], ['kendra', [u'she']], ['kevin', [u'she', u'might', u'not', u'have', u'mentioned', u'taking']], ['kevin', [u'taking', u'it', u'was', u'wishing']], ['kendra', [u'taking', u'it', u'was', u'wishing', u'your', u'day', u'I', u'wish']], ['wendy', [u'wish']], ['kevin', [u'wish']], ['kendra', [u'wish']], ['kendra', [u'wish', u'it']], ['kevin', [u'wish']], ['kevin', [u'wish', u'it', u'was', u'a', u'little', u'monster']], ['wendy', [u'monster']], ['kendra', [u'monster']], ['kevin', [u'monster']], ['kevin', [u'monster']], ['kendra', [u'monster']], ['kendra', []], ['kendra', []], ['kevin', []], ['kendra', []], ['marci', []], ['marci', []], ['marci', []], ['kendra', []], ['kendra', []], ['wendy', []], ['wendy', []], ['kendra', []], ['marci', []], ['kendra', []], ['kendra', [u'feels', u'like', u'a', u'pair', u'and', u'a', u'spare', u'dad']], ['kendra', [u'dad']], ['wendy', [u'dad']], ['kendra', []], ['kevin', []], ['ken', []], ['ken', []], ['ken', []], ['kendra', []], ['kendra', []], ['marci', []], ['kendra', [u'stare']], ['kendra', []], ['kendra', [u'stare']], ['ken', [u'stare']], ['ken', [u'stare']], ['kendra', [u'stare']], ['kevin', [u'stare']], ['marci', [u'stare']], ['kendra', [u'stare']], ['kendra', [u'stare']], ['kendra', []], ['kendra', []], ['kevin', []], ['ken', []], ['ken', []], ['kendra', []], ['marci', []], ['marci', []], ['kendra', [u'Rubbermaid', u'you', u"can't", u'squash', u'it']], ['kevin', [u'Rubbermaid', u'you']], ['marci', [u'Rubbermaid', u'you']], ['marci', [u'you', u"can't", u'squash', u'it']], ['ken', [u'you', u"can't", u'squash', u'it']], ['kevin', [u'you', u"can't", u'squash', u'it', u'ever']], ['kendra', [u'ever']], ['marci', [u'ever', u'made']], ['kendra', [u'ever', u'made']], ['marci', [u'made']], ['kevin', []], ['kendra', []], ['kevin', [u'that']], ['ken', [u'that']], ['marci', [u'that', u'includes', u'all']], ['kendra', [u'that', u'includes', u'all']], ['kevin', [u'that', u'includes', u'all', u'the', u'teaspoons', u'know', u'we']], ['marci', [u'teaspoons', u'know', u'we']], ['kendra', [u'we']], ['kendra', [u'we']], ['wendy', [u'we']], ['wendy', [u'we']], ['kendra', [u'we']], ['marci', [u'we', u'bought', u'them', u'before', u'you']], ['kevin', [u'we', u'bought', u'them', u'before', u'you', u'had', u'an', u'apartment']], ['kendra', [u'them', u'before', u'you', u'had', u'an', u'apartment']], ['kendra', [u'apartment']], ['kendra', []], ['kendra', []], ['marci', []], ['marci', [u'well', u'in', u'that', u'cuz']], ['kendra', [u'well', u'in', u'that', u'cuz']], ['kendra', [u'cuz', u"I've", u'got', u'to', u'be', u'yellow']], ['wendy', [u'to', u'be', u'yellow']], ['kevin', []], ['kevin', []], ['kevin', []], ['kendra', []], ['kevin', []], ['wendy', []], ['marci', [u'I', u'wish', u'I', u'could']], ['wendy', [u'I', u'wish', u'I', u'could']], ['kendra', [u'I', u'wish', u'I', u'could', u'have', u'been', u'using']], ['wendy', [u'been', u'using']], ['ken', [u'using']], ['kendra', [u'using']], ['kevin', [u'using']], ['kendra', [u'using']], ['wendy', [u'using']], ['wendy', [u'using']], ['kendra', [u'using']], ['wendy', [u'using']], ['kevin', [u'using']], ['wendy', [u'using']], ['wendy', [u'using']], ['wendy', [u'using']], ['wendy', [u'using']], ['kendra', [u'using']], ['kendra', [u'using']], ['kendra', [u'using']], ['wendy', [u'using']], ['kevin', [u'using', u'them', u'for', u'several', u'years', u'but']], ['kendra', [u'using', u'them']], ['wendy', [u'several', u'years', u'but']], ['ken', [u'but', u'just', u'trying', u'to', u'get', u'rid', u'of', u'them']], ['kevin', [u'but', u'just', u'trying', u'to', u'get', u'rid', u'of', u'them']], ['kendra', [u'them']], ['wendy', []], ['marci', []], ['ken', []], ['kendra', []], ['kendra', []], ['kevin', []], ['wendy', []], ['marci', []], ['ken', []], ['ken', [u'wow']], ['kevin', [u'wow', u"that's"]], ['kevin', [u"that's", u'a', u'real', u'McCoy', u'this']], ['ken', [u"that's", u'a', u'real']], ['kendra', [u'this', u'is', u'the', u'knife', u'to']], ['kendra', [u'to', u'use', u'for', u'birthdays', u'window']], ['kevin', [u'for', u'birthdays', u'window']], ['wendy', [u'window']], ['kevin', [u'window']], ['marci', [u'window']], ['kendra', [u'window']], ['wendy', [u'window']], ['kevin', [u'window']], ['ken', [u'window']], ['ken', [u'window']], ['wendy', [u'window']], ['kendra', [u'window', u'switch']], ['kevin', [u'switch', u'your', u'hair', u'sure']], ['kevin', [u'sure', u'is']], ['kendra', [u'is']], ['wendy', []], ['kevin', []], ['kendra', []], ['kevin', [u'show', u'show', u'me', u'was', u'in', u'there']], ['kendra', [u'show', u'show', u'me', u'was']], ['kendra', [u'was', u'in', u'there']], ['kevin', []], ['kendra', []], ['wendy', []], ['wendy', []], ['kevin', [u'weather']], ['wendy', [u'weather', u'Flagstaff']], ['kevin', [u'weather', u'Flagstaff']], ['wendy', [u'Flagstaff']], ['wendy', []], ['marci', []], ['marci', [u'tub']], ['ken', []], ['kevin', [u'tub']], ['wendy', []], ['marci', [u'can']], ['kendra', [u'can']], ['kendra', [u'can']], ['kevin', [u'can']], ['kevin', [u'can']], ['kendra', [u'can', u'you']], ['kevin', [u'can', u'you', u'have', u'a', u'cat', u'in', u'your', u'apartment']], ['marci', [u'a', u'cat', u'in', u'your', u'apartment']], ['kendra', [u'apartment', u"I'm", u'going', u'to', u'have', u'a', u'cat', u'in', u'my', u'apartment']], ['kevin', []], ['kevin', []], ['kevin', []], ['kendra', []], ['kendra', []], ['kevin', []], ['ken', [u'350']], ['kendra', [u'350', u'bucks', u'that']], ['kendra', [u'that', u'is']], ['kevin', [u'is']], ['marci', [u'is', u'microwavable']], ['wendy', [u'is', u'microwavable']], ['kendra', [u'microwavable']], ['marci', [u'microwavable']], ['ken', []], ['kendra', []], ['kendra', []], ['marci', []], ['wendy', []], ['wendy', []], ['wendy', []], ['wendy', []], ['wendy', []], ['wendy', []], ['kevin', []], ['wendy', []], ['kevin', []], ['kendra', []], ['marci', []], ['kendra', []], ['marci', [u"don't", u'drop', u'it', u'on', u'my', u'keys', u'for', u'everything']], ['kendra', [u'on', u'my', u'keys', u'for', u'everything']], ['marci', [u'everything', u'break', u'some', u'nights']], ['wendy', []], ['kendra', []], ['kendra', []], ['kendra', []], ['kendra', []], ['wendy', []], ['kendra', []], ['wendy', []], ['wendy', []], ['kendra', []], ['wendy', []], ['kevin', []], ['kendra', []], ['marci', []], ['kendra', []], ['kendra', []], ['kendra', []], ['kendra', [u'on']], ['kevin', [u'on']], ['kendra', [u'on']], ['kevin', [u'on', u'my', u'first', u'day']], ['kendra', [u'on', u'my', u'first', u'day', u'of', u'my', u'new', u'apartment']], ['wendy', [u'new', u'apartment']], ['kendra', []], ['kendra', []], ['wendy', []], ['kendra', []], ['kendra', []], ['wendy', []], ['kendra', []], ['wendy', []], ['kendra', []], ['wendy', []], ['wendy', []], ['kevin', []], ['kendra', []], ['marci', [u'yeah']], ['kendra', []], ['kendra', []], ['marci', [u'yeah', u'probably']], ['ken', [u'yeah', u'probably', u'the']], ['kendra', [u'yeah', u'probably']], ['kendra', [u'probably', u'the']], ['wendy', [u'the']], ['wendy', [u'the']], ['kendra', [u'the', u'best', u'time', u'to', u'find', u'out', u'boy']], ['kendra', [u'boy', u'let']], ['kendra', [u'let', u'me', u'tell', u'you']], ['ken', []], ['kendra', []], ['kendra', []], ['wendy', []], ['kendra', []], ['kendra', []], ['wendy', []], ['kevin', []], ['kendra', []], ['wendy', []], ['kendra', []], ['kendra', []], ['kendra', []], ['kevin', []], ['kendra', []], ['kendra', []], ['marci', []], ['kevin', []], ['marci', []], ['kendra', []], ['kendra', []], ['wendy', []], ['marci', []], ['kendra', []], ['marci', []], ['kendra', [u'I', u'thought', u'you', u'already', u'brought', u'the', u'cake', u'in', u'the']], ['wendy', [u'the']], ['marci', [u'the']], ['marci', [u'the', u'gift']], ['marci', [u'how']], ['marci', [u'how', u'do', u'I', u'get', u'my']], ['kendra', [u'how', u'do', u'I', u'get', u'my']], ['kendra', []], ['ken', []], ['marci', [u'mom']], ['kendra', [u'mom']], ['marci', [u'mom']], ['ken', [u'mom']], ['marci', [u'mom']], ['wendy', [u'mom', u'can']], ['kendra', [u'mom', u'can']], ['kendra', [u'can', u'be']], ['kevin', [u'can', u'be']], ['kevin', [u'be']], ['wendy', [u'be']], ['marci', [u'be']], ['kevin', [u'be']], ['wendy', [u'be']], ['marci', [u'be']], ['marci', [u'be']], ['wendy', [u'be']], ['marci', [u'be']], ['wendy', [u'be']], ['marci', [u'be']], ['wendy', [u'be']], ['marci', [u'be']], ['kendra', [u'be']], ['kevin', [u'be']], ['kendra', [u'be']], ['kevin', [u'be']], ['marci', [u'be']], ['ken', [u'be', u'used']], ['marci', [u'be', u'used']], ['wendy', [u'be', u'used']], ['kendra', [u'used']], ['marci', [u'used']], ['marci', [u'used', u'vacuum', u"it's"]], ['kendra', [u'used', u'vacuum']], ['kendra', [u"it's", u'a', u'good']], ['marci', [u"it's", u'a', u'good', u'brand', u'you']], ['kendra', [u'you']], ['marci', [u'you', u'can', u'get', u'the', u'bags', u'at', u'at']], ['marci', [u'at', u'United', u'Vacuum', u'bags']], ['kendra', [u'bags', u'yeah']], ['marci', [u'yeah', u'we']], ['kendra', [u'we', u'have', u'money', u'honey']], ['kendra', [u'honey']], ['wendy', [u'honey', u'they', u'last', u'forever']], ['kevin', []], ['wendy', []], ['marci', []], ['wendy', []], ['wendy', []], ['marci', []], ['kevin', []], ['marci', []], ['marci', []], ['kevin', []], ['kevin', []], ['kendra', []], ['marci', []], ['kendra', []], ['kevin', [u'turn', u'it', u'on', u'hit']], ['kendra', [u'hit']], ['marci', [u'hit']], ['wendy', [u'hit']], ['wendy', [u'hit']], ['kevin', [u'hit']], ['wendy', [u'hit']], ['kevin', [u'hit']], ['ken', [u'hit', u'the', u'button', u'on']], ['kevin', [u'hit', u'the', u'button', u'on', u'the', u'foot']], ['wendy', [u'the', u'foot']], ['ken', [u'foot']], ['wendy', []], ['ken', []], ['wendy', []], ['wendy', []], ['kevin', []], ['wendy', []], ['kevin', []], ['kendra', []], ['marci', []], ['marci', []], ['kevin', []], ['kevin', []], ['marci', []], ['wendy', []], ['wendy', []], ['wendy', []], ['wendy', []], ['marci', []], ['ken', []], ['wendy', []], ['kevin', []], ['kevin', []], ['kevin', []], ['kendra', []], ['kendra', []], ['marci', []], ['marci', []], ['kendra', []], ['kendra', []], ['kendra', []], ['marci', []], ['wendy', [u'all', u'right']], ['kevin', [u'all', u'right']], ['ken/kev', [u'right']], ['ken', []], ['marci', []], ['marci', []], ['marci', [u'just']], ['kevin', []], ['ken', [u'just']], ['marci', [u'just', u'one', u'owner', u'or', u'what']], ['kendra', [u'just', u'one', u'owner', u'or']], ['kendra', [u'or', u'what']], ['marci', [u'what', u'number', u'to', u'it']], ['ken', [u'number', u'to', u'it']], ['marci', [u'it', u'she']], ['kevin', [u'she']], ['ken', [u'she']], ['kevin', [u'she']], ['kendra', [u'she']], ['kevin', [u'she', u'was', u'all', u'like', u'you']], ['kendra', [u'she', u'was', u'all', u'like', u'you']], ['kevin', [u'you', u'only', u'took', u'it', u'out', u'on', u'the', u'weekend']], ['marci', [u'you', u'only', u'took', u'it', u'out', u'on', u'the', u'weekend']], ['ken', []], ['kevin', []], ['kendra', []], ['marci', []], ['kendra', []], ['kevin', []], ['marci', []], ['ken', []], ['kendra', [u'and']], ['marci', [u'and']], ['marci', [u'and', u'a', u'new', u'belt', u'and']], ['marci', [u'and', u'a', u'new', u'bag', u'completely']], ['marci', [u'completely', u'new', u'bag']], ['marci', [u'bag', u'and', u'he', u'warranties', u'it', u'for', u'a', u'year', u'for']], ['marci', [u'for']], ['marci', [u'for', u'the', u'money', u'I', u'had']], ['marci', [u'had', u'I', u"couldn't", u'afford', u'a', u'new', u'one', u'and']], ['marci', [u'and', u'I', u"didn't", u'want', u'to', u'get', u'a', u'$34', u'job', u'from', u'Target', u'this']], ['kendra', [u'I', u"didn't", u'want']], ['marci', [u'this']], ['kendra', [u'this']], ['wendy', [u'this']], ['wendy', [u'this']], ['marci', [u'this', u'one', u'is', u'a', u'good', u'one']], ['kendra', [u'this', u'one']], ['kendra', []], ['kevin', []], ['wendy', []], ['kendra', []], ['kendra', []], ['marci', []], ['kendra', []], ['wendy', []], ['wendy', []], ['wendy', []], ['marci', []], ['kendra', []], ['marci', []], ['marci', []], ['wendy', []], ['kevin', []], ['kendra', []], ['wendy', []], ['kendra', []], ['kevin', []], ['wendy', []], ['kevin', []], ['wendy', []], ['kendra', []], ['wendy', []], ['wendy', []], ['wendy', []], ['wendy', []], ['wendy', [u'Grandma', u'United']], ['ken', [u'Grandma', u'United']], ['kevin', [u'United']], ['wendy', [u'United']], ['kendra', [u'United']], ['kendra', [u'United']], ['kendra', [u'United']], ['kendra', [u'United']], ['wendy', [u'United']], ['marci', [u'United', u'Vacuum', u'on']], ['marci', [u'on', u'Coliseum', u'right']], ['marci', [u'right', u'beside', u'where', u'the', u'old']], ['marci', []], ['kendra', []], ['kendra', []], ['marci', []], ['marci', []], ['marci', [u'oh']], ['kendra', [u'oh', u'really', u'you']], ['marci', [u'you', u"won't"]], ['kevin', [u'you', u"won't", u'believe', u'what', u'happened', u'to', u'us', u'in', u'the', u'parking', u'lot', u'of', u'the', u'mall', u'the', u'other', u'day']], ['wendy', [u'believe', u'what', u'happened']], ['wendy', [u'the', u'parking', u'lot', u'of', u'the', u'mall']], ['kendra', []], ['kevin', []], ['kevin', []], ['wendy', []], ['kevin', []], ['kendra', []], ['wendy', []], ['wendy', [u'no']], ['kevin', [u'no']], ['kevin', [u'no', u'I']], ['kevin', [u'I', u'guess', u'you', u'was', u'trying', u'to', u'like']], ['kevin', [u'like', u"Laura's", u'to', u'a', u'place', u'where', u'they', u'would', u'sell', u'like']], ['kevin', [u'like', u'imitation']], ['kevin', [u'imitation', u'cologne', u'but']], ['kevin', [u'but', u'he', u'said']], ['kevin', [u'said', u"it's", u'not', u'imitation']], ['kevin', [u'imitation', u'because', u"it's"]], ['marci', [u'because', u"it's"]], ['wendy', [u"it's"]], ['marci', [u"it's", u'by']], ['kevin', [u"it's", u'by', u'the', u'same', u'people', u'but']], ['marci', [u'by']], ['wendy', [u'by']], ['wendy', [u'by', u'the', u'same', u'people']], ['wendy', [u'but', u"it's", u'different.']], ['kevin', [u'but', u"it's", u'different.', u"I'm"]], ['wendy', [u"I'm", u'like', u'what', u'are', u'you', u'doing', u'out']], ['kevin', [u"I'm", u'like']], ['kevin', [u'like', u'what', u'are', u'you', u'doing', u'out', u'here']], ['wendy', []], ['wendy', []], ['wendy', []], ['wendy', []], ['wendy', [u'look', u'like', u'brothers', u'duffle']], ['kevin', [u'brothers', u'duffle', u'bag']], ['kevin', [u'bag']], ['kevin', []], ['wendy', []], ['wendy', []], ['kevin', []], ['kevin', []], ['kevin', []], ['wendy', []], ['marci', []], ['marci', []], ['marci', []], ['kevin', [u'no', u'no', u'because']], ['wendy', [u'because']], ['wendy', [u'because', u'he', u"wasn't"]], ['wendy', [u"wasn't", u'trying', u'to', u'sell', u'it']], ['wendy', [u'it', u'he', u'was', u'just', u'saying', u'that']], ['wendy', [u'that', u'the', u'smell', u'like', u'your', u'car', u'or']], ['wendy', [u'or', u'whatever']], ['wendy', [u'whatever', u'because']], ['wendy', [u'because', u"they're"]], ['wendy', [u"they're", u'going', u'to', u'try']], ['wendy', [u'try', u'to', u'see']], ['wendy', [u'see', u'if', u"there's", u'a', u'market', u'for', u'the', u'store', u'but']], ['wendy', [u'but', u'they', u'want', u'to', u'open', u'down']], ['wendy', [u'down', u'the', u'road', u"that's"]], ['wendy', [u"that's", u'working']], ['kevin', [u"that's", u'working', u'agent']], ['kevin', [u'agent']], ['wendy', []], ['ken', []], ['ken', []], ['kevin', []], ['kevin', []], ['kendra', []], ['wendy', []], ['kevin', []], ['kevin', []], ['kendra', []], ['kevin', []], ['ken', []], ['marci', []], ['wendy', []], ['kendra', []], ['wendy', []], ['wendy', [u'I', u'got']], ['kendra', [u'I', u'got', u'what', u'is', u'this', u'guy']], ['marci', [u'got', u'what', u'is', u'this', u'guy']], ['wendy', [u'got', u'what', u'is', u'this', u'guy', u'doing']], ['marci', []], ['kevin', []], ['wendy', []], ['ken', []], ['kendra', []], ['kendra', []], ['kevin', []], ['wendy', []], ['kevin', []], ['kendra', []], ['kendra', []], ['ken', []], ['marci', []], ['kendra', []], ['kendra', []], ['kevin', []], ['kevin', []], ['marci', []], ['wendy', [u'they', u'cookies']], ['kendra', []], ['marci', []], ['kendra', []], ['marci', []], ['kendra', []], ['wendy', []], ['kendra', [u'yep', u"don't"]], ['wendy', [u"don't"]], ['wendy', [u"don't", u'forget']], ['marci', [u"don't", u'forget', u'to', u'buy', u'yourself', u'a']], ['marci', [u'and']], ['wendy', [u'and']], ['kevin', [u'and', u"don't", u'forget', u'to', u'take', u'the', u'tupperware', u'out', u'of', u'your', u'oven', u'before']], ['wendy', [u'and', u"don't", u'forget', u'to']], ['kevin', [u'before', u'you', u'turn', u'it', u'on']], ['wendy', [u'it', u'on']], ['marci', [u"I'm"]], ['kendra', [u"I'm"]], ['kendra', [u"I'm"]], ['kendra', [u"I'm", u'going']], ['kendra', [u'going']], ['kendra', [u'going']], ['kendra', [u'going']], ['kendra', [u'going', u'to', u'fill', u'up', u'baby', u'to', u'covered', u"you'll"]], ['kevin', [u"you'll"]], ['kendra', [u"you'll", u'be', u'surprised']], ['wendy', [u"you'll", u'be', u'surprised']], ['kendra', []], ['marci', []], ['kevin', []], ['wendy', []], ['kendra', []], ['wendy', []], ['ken', [u'no', u'food', u'processor', u'and']], ['ken', [u'and', u'everything']], ['kendra', []], ['kendra', []], ['ken', []], ['ken', []], ['ken', []], ['ken', []], ['ken', []], ['marci', []], ['kevin', []], ['ken', []], ['ken', []], ['ken', [u'I', u"don't"]], ['marci', [u'I', u"don't"]], ['kevin', [u'I', u"don't"]], ['kevin', [u"don't", u'think', u'we', u'took', u'any', u'time', u'today', u'or', u'put']], ['marci', [u'any', u'time', u'today', u'or', u'put']], ['kendra', [u'put']], ['ken', [u'put']], ['marci', [u'put']], ['wendy', [u'put']], ['kendra', [u'put']], ['kendra', [u'put']], ['wendy', [u'put']], ['kendra', [u'put']], ['kendra', [u'put']], ['kendra', [u'put', u'you', u'in', u'my', u'chest']], ['marci', [u'put', u'you', u'in', u'my', u'chest', u'I']], ['kendra', [u'I', u'know']], ['ken', [u'I', u'know', u'Kelly']], ['kendra', [u'know', u'Kelly', u'said', u'she', u'asked', u'for', u'it']], ['kendra', [u'it', u'I', u'was', u'like', u'I']], ['kendra', [u'I', u'saw', u'before', u'she', u"didn't"]], ['kendra', [u"didn't", u'I', u'asked', u'a', u'long', u'time', u'ago', u'and']], ['kendra', [u'and', u'nobody', u'said', u'anything', u'will']], ['kendra', [u'will']], ['kendra', [u'will', u'find', u'out', u'what', u'it', u'is', u'if']], ['kevin', [u'if']], ['wendy', [u'if']], ['ken', [u'if']], ['marci', [u'if']], ['kendra', [u'if']], ['ken', [u'if']], ['kendra', [u'if']], ['ken', [u'if']], ['kendra', [u'if']], ['marci', [u'if']], ['kendra', [u'if']], ['marci', [u'if']], ['kendra', [u'if']], ['kendra', [u'if', u'I', u'can']], ['kendra', [u'can', u'either']], ['kendra', [u'either', u'like', u'a', u'cedar', u'or']], ['ken', [u'either', u'like']], ['kendra', [u'or', u'something']], ['kendra', []], ['ken', []], ['kendra', []], ['ken', []], ['wendy', [u'I', u'did', u'not', u'feel']], ['wendy', []], ['ken', []], ['marci', []], ['marci', [u'so']], ['wendy', [u'so', u'you', u'want', u'to', u'hook', u'up', u'chest']], ['marci', [u'chest']], ['wendy', [u'chest']], ['marci', [u'chest']], ['marci', []], ['kendra', []], ['kendra', []], ['kendra', [u'tell', u'your', u'mom', u'I', u'said', u'thank']], ['kendra', [u'thank', u'you']], ['wendy', []], ['wendy', []], ['wendy', [u'I', u'know']], ['kendra', [u'I', u'know', u'Rubbermaid']], ['marci', [u'Rubbermaid', u'makes', u'the', u'best', u'spatula', u'non']], ['kendra', [u'non', u'breakable']], ['kendra', []], ['wendy', []], ['kendra', []], ['marci', [u'when']], ['kevin', [u'when']], ['marci', [u'when', u'do', u'you', u'get']], ['marci', [u'get', u"I've"]], ['wendy', [u'get', u"I've"]], ['marci', [u"I've"]], ['marci', [u"I've", u'got']], ['wendy', [u"I've"]], ['wendy', [u"I've"]], ['wendy', [u"I've", u'got', u'to', u'check', u'the', u'stuff', u'out']], ['wendy', [u'out']], ['wendy', [u'going']], ['wendy', [u'going']], ['wendy', [u'going', u'to', u'be', u'drunk', u"I'm"]], ['wendy', [u"I'm", u'not', u'going', u'to', u'get', u'for', u'Kendra']], ['kendra', [u'for', u'Kendra', u'says', u"she'll"]], ['wendy', [u'Kendra', u'says', u"she'll"]], ['ken', [u"she'll"]], ['wendy', [u"she'll", u'break', u'it']], ['kendra', [u"she'll", u'break', u'it']], ['marci', [u'it', u'yourself']], ['wendy', [u'yourself', u'and']], ['wendy', [u'and', u'blame', u'it', u'on', u'me', u'so']], ['wendy', [u'so', u'yeah']], ['x', [u'so', u'yeah']], ['kevin', [u'yeah']], ['marci', [u'yeah']], ['kendra', [u'yeah']], ['kendra', []], ['ken', []], ['marci', []], ['wendy', []], ['marci', []], ['wendy', []], ['marci', []], ['marci', []], ['marci', [u'and']], ['kevin', [u'and']], ['wendy', [u'and', u'you']], ['kevin', [u'you', u'have']], ['kendra', [u'you']], ['wendy', [u'you', u'have', u'a', u'dishwasher', u'in', u'your', u'apartment']], ['kendra', [u'you', u'have', u'a', u'dishwasher']], ['kendra', [u'apartment', u'call']], ['kendra', [u'call']], ['wendy', [u'call', u'Honey']], ['wendy', []], ['ken', []], ['wendy', []], ['kendra', []], ['kendra', [u'yeah']], ['kendra', [u'car', u'wash', u'dishes', u'you']], ['wendy', [u'you', u'have', u'any', u'furniture', u'yet', u'or']], ['kendra', [u'or', u'taking', u'that', u'couch', u'and']], ['kendra', [u'and', u"that's"]], ['wendy', [u"that's", u'what', u"I'll", u'have', u'room']], ['kendra', [u"that's", u'what', u"I'll", u'have', u'room', u'for', u'it']], ['wendy', [u'room', u'for', u'it', u'I', u'just']], ['kendra', [u'just']], ['kendra', [u'just']], ['kevin', [u'just']], ['wendy', [u'just']], ['kendra', [u'just']], ['kevin', [u'just']], ['kevin', [u'just']], ['kevin', [u'just', u'bought', u'and']], ['kendra', [u'bought', u'and']], ['kendra', [u'and']], ['wendy', [u'and']], ['wendy', [u'and']], ['kevin', [u'and']], ['wendy', [u'and']], ['kevin', [u'and', u'put', u'it', u'on', u'layaway']], ['wendy', [u'and', u'put', u'it', u'on', u'layaway']], ['kevin', [u'layaway']], ['kendra', [u'layaway']], ['kevin', [u'layaway']], ['wendy', [u'layaway']], ['ken', [u'layaway']], ['kendra', [u'layaway']], ['kevin', [u'layaway']], ['kevin', [u'layaway']], ['kevin', [u'layaway']], ['wendy', [u'layaway']], ['kevin', [u'layaway']], ['marci', [u'layaway']], ['wendy', [u'layaway', u'and', u'I']], ['kevin', [u'layaway', u'and', u'I']], ['kendra', [u'I']], ['kevin', [u'I']], ['kevin', [u'I']], ['kendra', [u'I']], ['kendra', [u'I']], ['kevin', [u'I']], ['kendra', [u'I']], ['kevin', [u'I']], ['kevin', [u'I']], ['kendra', [u'I']], ['kevin', [u'I', u'had', u'a', u'pair', u'of', u'blue', u'jeans']], ['wendy', [u'I']], ['kendra', [u'I', u'had', u'a', u'pair']], ['kevin', [u'it']], ['kevin', [u'it']], ['kevin', [u'it', u'was', u'a', u'yellow', u'Adidas', u'shirt']], ['kevin', [u'shirt', u'and', u'a', u'new', u'belt', u'and']], ['wendy', [u'a', u'new', u'belt']], ['marci', [u'and']], ['wendy', [u'and', u"I'm", u'laid', u'it', u'all', u'out']], ['kevin', [u'and', u"I'm", u'laid', u'it', u'all', u'out', u'on', u'the', u'couch']], ['marci', [u'and', u"I'm", u'laid', u'it', u'all', u'out', u'on', u'the', u'couch', u'and', u'Tigger']], ['kevin', [u'couch', u'and', u'Tigger', u'puked', u'on', u'it']], ['kendra', []], ['marci', []], ['ken', [u'text']], ['kendra', [u'text']], ['marci', [u'text', u'free']], ['kendra', [u'text', u'free']], ['kevin', []], ['wendy', []], ['wendy', [u'we']], ['wendy', [u'we']], ['kendra', [u'we']], ['kendra', [u'we']], ['wendy', [u'we', u'have', u'end']], ['wendy', [u'end', u'tables']], ['wendy', [u'tables', u'to', u'Bulgaria']], ['x', []], ['kevin', []], ['kevin', []], ['wendy', []], ['wendy', []], ['$ indeterminate between "too" and "two" 1014.99 1015.39 kendra', []], ['$ indeterminate between "too" and "two" 1014.99 1015.39 kendra', []], ['wendy', []], ['wendy', []], ['kevin', []], ['wendy', [u'what']], ['kendra', [u'what', u'are', u'the', u'front']], ['kevin', [u'what', u'are', u'the', u'front', u'end']], ['kevin', [u'end', u'in', u'the', u'hind', u'end']], ['wendy', [u'end']], ['ken', [u'I']], ['kevin', [u'I', u"don't"]], ['marci', [u'I', u"don't"]], ['wendy', [u'I']], ['wendy', [u'I']], ['kendra', [u'I', u"don't", u'want']], ['wendy', [u'I', u"don't"]], ['kevin', [u"don't"]], ['wendy', [u"don't", u'want']], ['wendy', [u'want', u'me', u'to', u'different']], ['kendra', [u'want', u'me', u'to', u'different', u'grandma']], ['kevin', [u'to', u'different', u'grandma']], ['wendy', [u'different', u'grandma']], ['kendra', [u'grandma']], ['kendra', []], ['wendy', []], ['kendra', []], ['wendy', []], ['kendra', []], ['kendra', []], ['kendra', []], ['wendy', []], ['kevin', []], ['kendra', []], ['wendy', []], ['kevin', []], ['wendy', []], ['kendra', []], ['kendra', []], ['kendra', []], ['kendra', []], ['wendy', []], ['ken', []], ['kevin', []], ['ken', []], ['ken', []], ['kevin', []], ['kendra', []], ['kendra', []], ['kendra', []], ['kevin', []], ['kevin', []], ['ken', []], ['wendy', []], ['kendra', []], ['kendra', []], ['kendra', []], ['kevin', []], ['wendy', [u'do', u'you', u'want']], ['kendra', [u'do', u'you', u'want', u'what', u'you']], ['wendy', [u'want', u'what', u'you']], ['wendy', [u'you', u'got', u'deathly']], ['kevin', [u'you', u'got', u'deathly', u'silent']], ['wendy', [u'deathly', u'silent']], ['ken', []], ['ken', []], ['kevin', []], ['ken', []], ['wendy', []], ['wendy', []], ['kevin', []], ['wendy', [u'think', u"you'll", u'get', u'married', u'have', u'a']], ['kendra', [u'American']], ['wendy', [u'American', u'money', u'in']], ['kendra', [u'American', u'money', u'in']], ['ken', [u'in', u'here', u"I'm", u'going']], ['kendra', [u'in', u'here']], ['kendra', [u'here', u"I'm", u'going', u'to', u'be', u'a', u'manager', u'of', u'a', u'Merrill', u'Lynch', u'Branch']], ['ken', [u'Branch', u'over']], ['kendra', [u'over', u'70']], ['kendra', [u'70']], ['ken', []], ['marci', []], ['marci', []], ['marci', []], ['marci', [u'America']], ['kevin', [u'America']], ['kendra', [u'America']], ['ken', [u'America']], ['ken', [u'America']], ['kendra', [u'America']], ['kevin', [u'America', u'sometime']], ['kendra', [u'America', u'sometime']], ['kendra', [u'sometime']], ['kendra', [u'sometime']], ['ken', [u'sometime']], ['wendy', [u'sometime']], ['kendra', [u'sometime']], ['kendra', [u'sometime']], ['ken', [u'sometime']], ['marci', [u'sometime']], ['ken', [u'sometime']], ['ken', [u'sometime']], ['kendra', [u'sometime']], ['ken', [u'sometime']], ['marci', [u'sometime']], ['ken', [u'sometime']], ['kendra', [u'sometime']], ['kendra', [u'sometime']], ['kendra', [u'sometime']], ['wendy', [u'sometime', u'with', u'the', u'machine', u'gun', u'in']], ['kendra', [u'sometime']], ['wendy', [u'in', u'Home']], ['wendy', [u'Home', u'Alone']], ['ken', [u'Home', u'Alone']], ['kevin', [u'Alone']], ['ken', []], ['kendra', []], ['wendy', []], ['ken', []], ['ken', []], ['ken', [u'how']], ['marci', [u'how']], ['kendra', [u'how']], ['kevin', [u'how']], ['kevin', [u'how', u'do']], ['marci', [u'how', u'do', u'you', u'say']], ['ken', [u'do']], ['wendy', [u'do', u'you', u'say']], ['ken', [u'do', u'you', u'say']], ['kevin', [u'do', u'you', u'say']], ['kevin', [u'say']], ['kevin', [u'say', u'birthday', u'to', u'you']], ['wendy', [u'say', u'birthday', u'to', u'you']], ['marci', [u'say', u'birthday', u'to', u'you']], ['ken', [u'say', u'birthday', u'to', u'you']], ['kevin', [u'happy']], ['marci', [u'happy', u'birthday']], ['kevin', [u'happy', u'birthday', u'dear', u'Karen', u'Drive']], ['ken', [u'happy', u'birthday', u'dear', u'Karen', u'Drive']], ['wendy', [u'happy', u'birthday', u'dear', u'Karen', u'Drive']], ['kendra', []], ['kevin', []], ['ken', []], ['kevin', []], ['wendy', []], ['kendra', []], ['kevin', []], ['wendy', []], ['marci', []], ['marci', [u'quarters', u'of', u'the', u'century', u'perhaps']], ['kendra', []], ['kendra', []], ['kevin', []], ['marci', []], ['wendy', []], ['kendra', []], ['kendra', []], ['kendra', []], ['kendra', [u'oh']], ['kevin', [u'oh', u"that's"]], ['marci', [u"that's", u'nasty']], ['kevin', [u"that's"]], ['kevin', [u"that's", u'nasty']], ['marci', []], ['kevin', []], ['wendy', []], ['kevin', []], ['kevin', []], ['wendy', []], ['wendy', []], ['kendra', []], ['marci', []], ['ken', []], ['kevin', []], ['kendra', []], ['kendra', []], ['kendra', [u'everybody']], ['kevin', [u'everybody']], ['wendy', [u'everybody']], ['wendy', [u'everybody', u'ready', u'ready']], ['ken', [u'everybody', u'ready']], ['ken', [u'ready']], ['marci', [u'ready', u'1', u'2', u'3']], ['ken', [u'ready']], ['wendy', [u'ready']], ['wendy', [u'ready', u'1', u'2']], ['wendy', [u'2', u'3']], ['wendy', [u'3']], ['many', [u'I']], ['kevin', [u'I', u'think', u"they're", u'relightable', u'they']], ['wendy', [u'relightable', u'they']], ['wendy', [u'they']], ['kendra', [u'they']], ['kevin', [u'they', u'are', u'they']], ['wendy', [u'they', u'are', u'they']], ['marci', [u'they', u'are', u'they']], ['marci', [u'they', u'are', u'when', u'they', u'do']], ['kevin', [u'they', u'are', u'when']], ['kevin', [u'when', u'they', u'do', u'that']], ['ken', [u'that']], ['kevin', []], ['kevin', [u"don't"]], ['marci', [u"don't", u'talk', u'Spanish']], ['ken', [u"don't", u'talk', u'Spanish']], ['kendra', [u"don't", u'talk', u'Spanish']], ['kevin', []], ['marci', [u'Spanish']], ['kevin', [u'dang']], ['ken', [u'dang']], ['ken', [u'dang', u'Duncan', u'answers', u'all', u'over', u'me']], ['kendra', [u'dang', u'Duncan']], ['kevin', [u'Duncan', u'answers', u'all', u'over', u'me']], ['kendra', [u'Duncan', u'answers', u'all', u'over', u'me']], ['kendra', [u'me']], ['ken', [u'me']], ['marci', [u'smoke']], ['kendra', [u'smoke']], ['ken', [u'smoke']], ['kevin', [u'smoke', u'alarm']], ['marci', [u'smoke', u'alarm']], ['kendra', []], ['kendra', []], ['ken', []], ['marci', []], ['ken', []], ['marci', []], ['kendra', []], ['kendra', []], ['marci', [u'what', u'the', u'hell', u'last']], ['marci', []], ['kevin', [u'last']], ['kevin', [u'last']], ['marci', [u'last', u'time', u'you', u'did', u'that']], ['kendra', [u'last']], ['kendra', [u'last']], ['kevin', [u'last', u'time', u'you', u'did', u'that', u'Dad']], ['kevin', [u'Dad', u'and', u'the', u'Brain']], ['kendra', [u'the', u'Brain']], ['wendy', [u'Brain']], ['wendy', []], ['kendra', [u'shrimp']], ['kevin', [u'shrimp', u'cake']], ['wendy', []], ['marci', []], ['kevin', []], ['wendy', []], ['wendy', [u'give']], ['marci', [u'give']], ['kevin', [u'give']], ['marci', [u'give', u'you', u'a', u'rice', u'cake', u'with']], ['wendy', [u'a', u'rice', u'cake', u'with', u'cheddar']], ['marci', [u'with', u'cheddar', u'on', u'it']], ['marci', [u'it', u'if', u"you'd", u'like', u'I', u"don't", u'I']], ['kendra', [u'like', u'I', u"don't", u'I']], ['marci', [u'I', u"don't", u'want', u'to']], ['kendra', [u'I', u"don't", u'want', u'to', u'hurt', u'you', u'I']], ['kendra', [u'I', u'mean', u'I', u'like', u'what']], ['kendra', [u'what']], ['wendy', [u'what']], ['marci', [u'what']], ['wendy', [u'what']], ['marci', [u'what', u'you', u'like', u'and', u"don't", u'like', u'me']], ['marci', [u'me', u'saying']], ['kevin', [u'me', u'saying']], ['marci', [u'saying']], ['kendra', [u'saying']], ['kevin', [u'saying']], ['kevin', [u'saying']], ['kendra', [u'saying', u'I']], ['wendy', [u'I', u'hate']], ['kendra', [u'I', u'hate', u'ice', u'cream']], ['wendy', [u'cream']], ['kendra', [u'cream', u'I', u'hate', u'ice', u'cream']], ['kendra', [u'cream', u'Kelly']], ['kevin', [u'Kelly']], ['kendra', [u'Kelly', u'was']], ['kendra', [u'was']], ['kevin', [u'was']], ['kendra', [u'was']], ['kendra', [u'was']], ['kevin', [u'was']], ['marci', [u'was']], ['marci', [u'was']], ['wendy', [u'was']], ['kendra', [u'was']], ['kendra', [u'was']], ['wendy', [u'was']], ['wendy', [u'was']], ['wendy', [u'was', u'roommate', u'though']], ['wendy', []], ['kendra', [u'yeah', u'but']], ['kendra', [u'but', u'that', u"shouldn't", u'mean', u'that', u'she', u'should', u'know', u'we']], ['ken', [u'we']], ['ken', [u'we']], ['kevin', [u'we', u'just', u'cut']], ['marci', [u'we', u'just', u'cut']], ['kevin', [u'cut']], ['marci', [u'cut', u'off', u'the', u'cake', u'from', u'every', u'slice', u'than', u'any', u'deposit']], ['kendra', [u'cut', u'off', u'the']], ['ken', [u'the', u'cake']], ['wendy', [u'any', u'deposit']], ['marci', [u'deposit', u'like']], ['kendra', [u'deposit', u'like']], ['kendra', [u'like']], ['kendra', [u'like']], ['kendra', [u'like']], ['ken', [u'like']], ['ken', [u'like']], ['kendra', [u'like']], ['kendra', [u'like']], ['kevin', [u'like']], ['kendra', [u'like', u'wedding', u'cakes', u'wedding']], ['kevin', [u'like', u'wedding', u'cakes']], ['kevin', [u'cakes']], ['kevin', [u'wedding']], ['kevin', [u'wedding']], ['kevin', [u'wedding']], ['wendy', [u'wedding', u'cakes', u'the']], ['ken', [u'the', u'name', u'what']], ['wendy', [u'the', u'name', u'what', u'kind']], ['wendy', [u'kind']], ['kendra', [u'kind']], ['wendy', [u'kind', u'of', u'cake']], ['kendra', [u'kind', u'of', u'cake']], ['kendra', [u'cake', u'white', u'cake', u'with']], ['kendra', [u'with', u'my']], ['marci', [u'with', u'my']], ['ken', [u'my']], ['kendra', [u'my']], ['marci', [u'my']], ['kendra', [u'my']], ['marci', [u'my']], ['kevin', [u'my']], ['ken', [u'my']], ['kevin', [u'my']], ['kevin', [u'my']], ['kendra', [u'my', u'friend', u'Kevin']], ['marci', [u'my', u'friend', u'Kevin']], ['wendy', [u'Kevin', u'and', u'I', u'are', u'going', u'to', u'share', u'it', u'when']], ['kendra', [u'to', u'share', u'it', u'when']], ['marci', [u'when']], ['kendra', [u'when']], ['kendra', [u'when']], ['kendra', [u'when']], ['marci', [u'when']], ['marci', [u'when']], ['kendra', [u'when']], ['kendra', [u'when']], ['kendra', [u'when']], ['kendra', [u'when']], ['kendra', [u'when']], ['kendra', [u'when', u'are']], ['marci', [u'when', u'are', u'you', u'going', u'to', u'share', u'one']], ['marci', [u'one', u'so', u'if', u'you', u"don't", u'want', u'one', u"don't"]], ['marci', [u"don't", u'cut', u'it', u'I']], ['kendra', [u'I', u'do', u'it']], ['ken', []], ['kendra', []], ['kendra', []], ['ken', []], ['ken', []], ['ken', []], ['wendy', []], ['ken', []], ['ken', []], ['kendra', []], ['kendra', []], ['kevin', []], ['kevin', []], ['wendy', []], ['kendra', []], ['kendra', []], ['wendy', []], ['kendra', []], ['marci', [u'no']], ['marci', [u'no', u'I', u"can't", u'have', u'anything']], ['marci', [u'anything', u'on', u'my']], ['wendy', [u'my', u'bike']], ['ken', []], ['wendy', [u"I'm"]], ['kendra', [u"I'm"]], ['kevin', [u"I'm"]], ['kevin', [u"I'm"]], ['marci', [u"I'm"]], ['marci', [u"I'm"]], ['marci', [u"I'm"]], ['wendy', [u"I'm"]], ['kevin', [u"I'm"]], ['ken', [u"I'm", u'going']], ['kevin', [u"I'm", u'going']], ['marci', [u"I'm", u'going', u'to', u'take', u'a', u'shower']], ['kevin', [u'shower']], ['kevin', []], ['marci', []], ['marci', []], ['kendra', []], ['kendra', []], ['kendra', []], ['kendra', []], ['ken', [u'actually']], ['wendy', [u'actually']], ['wendy', [u'actually', u'were', u'the', u'one', u'who', u'said', u'we', u"didn't", u'want', u'to', u'buy', u'you', u'a', u'cake', u'so']], ['wendy', [u'so', u'you']], ['wendy', [u'you', u'can', u'win']], ['kendra', []], ['kendra', []], ['kendra', []], ['marci', [u'well', u"let's", u'listen']], ['marci', [u'listen', u'I']], ['marci', [u'I', u'figure', u'I', u'was', u'doing', u'well', u'do', u'if', u'it', u'the', u'steaks', u'which']], ['marci', [u'which', u'I', u'also', u'did', u'you', u'know', u'was', u'your', u'favorite', u'thing']], ['kendra', [u'did', u'you', u'know', u'was']], ['kendra', []], ['kendra', []], ['kendra', []], ['marci', [u'so']], ['kendra', [u'so']], ['marci', [u'so', u'can']], ['marci', [u'can', u'you', u'can', u'finish', u'that', u'off', u'and']], ['marci', [u'and', u'if', u'you', u"don't", u'Kyle']], ['marci', [u'Kyle', u'will']], ['ken', [u'will']], ['kevin', []], ['wendy', []], ['kevin', []], ['kendra', []], ['kendra', []], ['kevin', []], ['kevin', []], ['marci', []], ['kendra', []], ['kendra', []], ['kendra', []], ['kendra', []], ['marci', []], ['marci', [u'scarfing']], ['wendy', [u'what']], ['kevin', [u'what']], ['kevin', [u'what', u'about', u'the', u'green', u'cake', u'instead']], ['kendra', [u'instead', u'cuz']], ['wendy', [u'instead', u'cuz']], ['marci', [u'cuz', u'my', u'throat', u'hurt']], ['kendra', [u'cuz', u'my', u'throat', u'hurt', u'piece']], ['wendy', [u'hurt', u'piece']], ['kendra', [u'piece']], ['marci', [u'piece']], ['wendy', [u'piece']], ['kendra', [u'piece']], ['wendy', [u'piece']], ['wendy', [u'piece']], ['wendy', [u'piece']], ['marci', [u'piece']], ['kendra', [u'piece']], ['marci', [u'piece']], ['wendy', [u'piece']], ['marci', [u'piece']], ['kendra', [u'piece', u'of', u'wedding', u'cake', u'about']], ['kendra', [u'about', u'this', u'bag']], ['wendy', []], ['kendra', []], ['kendra', []], ['kendra', []], ['kendra', []], ['kendra', []], ['wendy', []], ['kendra', []], ['kendra', []], ['kendra', []], ['kevin', [u'my', u'Paperwhite']], ['kendra', [u'my', u'Paperwhite']], ['kendra', [u'Paperwhite', u'Ashley']], ['kevin', [u'Ashley']], ['kendra', []], ['marci', []], ['marci', []], ['kevin', []], ['wendy', []], ['marci', []], ['kendra', []], ['marci', []], ['marci', []], ['kendra', [u'that', u'is', u'what', u'you', u'think']], ['kevin', [u'that']], ['kevin', []], ['kevin', []], ['marci', []], ['kevin', []], ['marci', []], ['kevin', []], ['wendy', []], ['marci', []], ['kevin', []], ['wendy', []], ['marci', []], ['kevin', []], ['kevin', []], ['marci', []], ['kendra', []], ['kevin', []], ['marci', []], ['kevin', []], ['marci', []], ['marci', []], ['kevin', [u'we']], ['marci', [u'we', u'have', u'really', u'off', u'the', u'deep', u'end', u'and']], ['kevin', [u'really', u'off', u'the', u'deep']], ['kevin', [u'and']], ['marci', [u'and']], ['wendy', [u'and']], ['wendy', [u'and']], ['wendy', [u'and']], ['ken', [u'and', u'you', u'sure', u'you', u'want', u'to', u'go']], ['marci', [u'and', u'you']], ['kendra', [u'and', u'you']], ['kendra', [u'you']], ['kendra', [u'you', u'sure', u'you', u'want', u'to', u'go', u'over', u'there', u'for', u'salvation']], ['kendra', [u'salvation']], ['kendra', [u'salvation', u'any']], ['wendy', [u'salvation']], ['kevin', [u'salvation']], ['kendra', [u'any', u'relief']], ['kendra', [u'relief', u'Google']], ['wendy', [u"I'll"]], ['kevin', [u"I'll", u'be', u'there']], ['wendy', []], ['marci', []], ['wendy', []], ['kendra', [u'he', u'might', u'have', u'to', u'you']], ['marci', [u'you', u'and', u'Kelly', u'ICE', u"what's"]], ['kendra', [u'you', u'and', u'Kelly']], ['kendra', [u'Kelly', u'ICE', u"what's"]], ['kevin', [u"what's"]], ['marci', [u"what's"]], ['kevin', [u"what's", u'a']], ['kendra', [u"what's", u'a', u'ice', u'cream', u'frozen']], ['kevin', [u'frozen']], ['kendra', [u'frozen']], ['marci', [u'frozen', u'yogurt', u'how']], ['kevin', [u'how', u'is']], ['kendra', [u'how', u'is', u'it']], ['kevin', [u'is', u'it']], ['marci', []], ['wendy', []], ['kevin', []], ['marci', []], ['marci', []], ['kevin', []], ['kevin', []], ['kendra', []], ['marci', [u'can']], ['kendra', [u'can', u'I', u'call']], ['kendra', [u'call', u'you']], ['kevin', [u'call', u'you']], ['marci', [u'you']], ['kevin', [u'you']], ['kendra', [u'you']], ['marci', [u'you']], ['kendra', [u'you', u'real', u'quick']], ['kendra', []], ['marci', [u'the', u'tires', u'of', u'this', u'car']], ['wendy', [u'car']], ['marci', []], ['wendy', []], ['marci', []], ['kendra', []], ['kevin', [u'we']], ['marci', [u'we', u'got']], ['kevin', [u'we', u'got', u'new', u'tires', u'on', u'the', u'front']], ['marci', []], ['kendra', []], ['wendy', []], ['wendy', []], ['ken', []], ['kendra', []], ['wendy', []], ['marci', []], ['marci', []], ['kevin', []], ['marci', []], ['wendy', []], ['marci', []], ['wendy', [u'car', u'and']], ['wendy', [u'and', u'got', u'it', u'all', u'taken', u'care', u'of', u'Wednesday', u'oil']], ['kevin', [u'oil', u'change', u'new']], ['wendy', [u'oil', u'change', u'new']], ['wendy', [u'new', u'windshield', u'wipers']], ['marci', []], ['kevin', []], ['wendy', [u"that's", u'another', u'$1', u'in', u'the', u'car', u'how']], ['kevin', [u"that's", u'another', u'$1', u'in', u'the', u'car', u'how']], ['kendra', [u'how', u'much', u'did', u'it', u'windshield', u'wipers', u'cost']], ['wendy', [u'much', u'did', u'it', u'windshield', u'wipers']], ['ken', [u'did', u'it', u'windshield']], ['ken', [u'windshield', u'wipers']], ['ken', [u'wipers', u'cost']], ['ken', []], ['wendy', []], ['kevin', []], ['ken', []], ['ken', []], ['ken', []], ['wendy', []], ['kevin', []], ['wendy', []], ['kevin', []], ['kevin', []], ['wendy', []], ['wendy', [u'send', u'it', u'in', u'and', u'said']], ['wendy', [u'said', u'check', u'these', u'things', u'and']], ['wendy', [u'and', u'replace', u'whatever', u'needs', u'to', u'be', u'replaced', u'and']], ['wendy', [u'and', u'so', u'they', u'replaced']], ['marci', [u'and', u'so', u'they', u'replaced', u'everything', u'you', u'should', u'check', u'when']], ['kevin', [u'when']], ['wendy', [u'when']], ['wendy', [u'when']], ['marci', [u'when']], ['wendy', [u'when']], ['marci', [u'when']], ['kevin', [u'when']], ['kevin', [u'when']], ['marci', [u'when']], ['kevin', [u'when']], ['kevin', [u'when']], ['kevin', [u'when', u'do']], ['ken', [u'when', u'do']], ['kendra', [u'when', u'do', u'they', u'cost', u'$5']], ['wendy', [u'when', u'do', u'they', u'cost', u'$5']], ['wendy', [u'$5']], ['kevin', [u'$5']], ['kendra', [u'$5']], ['ken', [u'$5']], ['marci', [u'$5']], ['kevin', []], ['kendra', []], ['kendra', []], ['wendy', []], ['wendy', []], ['marci', []], ['ken', []], ['kevin', []], ['kevin', []], ['wendy', []], ['kevin', []], ['kevin', []], ['kevin', []], ['kevin', [u'and', u'I', u'already']], ['kevin', [u'already', u'knew', u'what', u'I', u'needed', u'so']], ['kevin', [u'so', u'I', u"didn't", u'have', u'title', u'about', u'what', u'kind', u'of', u'tires', u'are']], ['kevin', [u'are', u'where', u'you']], ['kevin', [u'you', u'know', u'put']], ['kevin', [u'put', u'in', u'front']], ['kevin', [u'front', u'or', u'back', u'Allen']], ['kevin', [u'Allen', u'County', u'motors', u'already', u'told', u'me', u'you']], ['kevin', [u'you', u'know', u'all']], ['kevin', [u'all', u'that', u'stuff']], ['marci', [u'I', u'made', u'them', u'get', u'me', u'my', u'tire']], ['kendra', [u'I', u'made', u'them', u'get', u'me', u'my', u'tire', u'cuz']], ['kendra', [u'cuz', u'I', u"couldn't", u'drive', u'anywhere']], ['wendy', [u'you', u"can't", u'afford', u'to', u'mess', u'around', u'with', u'her', u'car', u'you']], ['kevin', [u'you']], ['wendy', [u'you', u'just', u"can't"]], ['wendy', [u"can't", u'yeah']], ['wendy', [u'yeah']], ['wendy', [u'yeah']], ['kendra', [u'yeah', u'but']], ['kendra', [u'but', u'I', u'put', u'for', u'five', u'bucks']], ['kendra', [u'bucks', u'and', u'1515']], ['kendra', [u'1515']], ['wendy', [u'1515']], ['kevin', [u'1515']], ['wendy', [u'1515']], ['ken', [u'1515']], ['kevin', [u'1515']], ['kevin', [u'1515', u'+']], ['ken', [u'1515', u'+']], ['kevin', []], ['kevin', []], ['marci', []], ['kendra', [u'you', u'should', u'see', u'mine', u'buddy']], ['kevin', [u'buddy', u'that']], ['kendra', [u'buddy', u'that']], ['ken', [u'buddy', u'that']], ['kevin', [u'that']], ['kevin', [u'that']], ['wendy', [u'that']], ['wendy', [u'that']], ['wendy', [u'that']], ['wendy', [u'that']], ['wendy', [u'that']], ['wendy', [u'that', u'it', u'takes', u'to', u'go', u'out', u'and', u'get', u'them', u'and']], ['wendy', [u'and', u'install', u'them', u"I'd"]], ['wendy', [u"I'd", u'rather', u'pay', u'the', u'money', u'cuz']], ['wendy', [u'cuz']], ['kevin', [u'cuz', u'I', u'know']], ['kevin', [u'know', u'what', u'time']], ['wendy', [u'know', u'what', u'time', u'is', u'we']], ['kendra', [u'time', u'is', u'we']], ['wendy', [u'we', u'just', u'do', u'not', u'have', u'time', u'to']], ['kendra', [u'to', u'spend', u'some', u'more', u'money', u'on', u'clothes']], ['wendy', [u'spend', u'some', u'more', u'money']], ['ken', [u"can't", u'make', u'them', u'cuz']], ['wendy', [u'cuz', u'why']], ['marci', [u'cuz', u'why']], ['ken', []], ['kendra', []], ['kevin', []], ['marci', []], ['kendra', []], ['kevin', []], ['wendy', []], ['marci', []], ['wendy', []], ['kevin', []], ['marci', []], ['wendy', []], ['kevin', []], ['marci', []], ['ken', []], ['wendy', []], ['kevin', []], ['kendra', []], ['ken', []], ['kendra', []], ['marci', []], ['marci', [u'your', u'momma']], ['kendra', [u'your', u'momma', u'loves', u'me', u'cuz', u"she's", u'fast', u'why', u'I', u'take', u'all']], ['wendy', [u"she's", u'fast', u'why', u'I', u'take', u'all', u'my', u'all']], ['kendra', [u'all', u'my', u'all']], ['marci', [u'my', u'all']], ['marci', []], ['kendra', []], ['kendra', [u'Walmart']], ['wendy', [u'Walmart', u'alterations', u'go', u'to', u'Edna', u'Church']], ['marci', [u'Church']], ['kevin', [u'Church']], ['kendra', [u'Church']], ['wendy', [u'Church']], ['marci', [u'Church']], ['marci', [u'Church']], ['marci', [u'Church']], ['kevin', [u'Church']], ['wendy', [u'Church']], ['kevin', [u'Church']], ['marci', [u'Church']], ['kendra', [u'Church']], ['marci', [u'Church', u'down', u'south', u'a']], ['marci', [u'a', u'little', u'time', u'and', u'whenever']], ['kevin', [u'whenever']], ['marci', [u'whenever', u'Nick', u'told', u'me', u'about', u'it']], ['marci', [u'it', u'it', u'was', u'because', u'they', u'should', u'have', u'wanted', u'to', u'go', u'to']], ['marci', [u'to', u'a', u'smaller', u'congregation']], ['kevin', [u'congregation', u'but']], ['marci', [u'but', u'when', u'they', u'announced', u'it', u'in', u'church', u'and']], ['marci', [u'and', u'we', u'prayed', u'for', u'them', u'it']], ['marci', [u'it', u'was', u'because', u'they']], ['marci', [u'they', u'they', u'were']], ['marci', [u'were']], ['marci', [u'were', u'going', u'to', u'go', u'out', u'because']], ['marci', [u'because', u'they', u'felt', u'called']], ['marci', [u'called', u'so', u'I']], ['kevin', [u'so', u'I']], ['marci', [u'I', u"don't", u'know', u'what', u'the', u'real', u'story', u'is']], ['marci', []], ['marci', [u'I']], ['kevin', [u'I']], ['wendy', [u'I']], ['wendy', [u'I']], ['wendy', [u'I', u'think', u'their', u'motives', u'must', u'be', u'pretty', u'to']], ['wendy', [u'to', u'talk', u'to', u'Ron', u'about', u'it']], ['wendy', [u'it', u'and', u'make', u'it', u'public', u'but']], ['marci', [u'and', u'make', u'it', u'public', u'but']], ['marci', [u'but']], ['wendy', [u'but']], ['wendy', [u'but']], ['marci', [u'but']], ['wendy', [u'but', u'yeah']], ['wendy', [u'yeah']], ['wendy', [u'yeah']], ['marci', [u'yeah']], ['wendy', [u'yeah']], ['wendy', [u'yeah']], ['wendy', [u'yeah', u'surgery', u'upset']], ['marci', [u'yeah', u'surgery']], ['marci', [u'surgery', u'upset']], ['wendy', [u'upset', u'about', u'that', u"I'm"]], ['wendy', [u"I'm"]], ['marci', [u"I'm", u'in', u'bed', u'and', u'I', u"don't"]], ['wendy', [u"don't"]], ['marci', [u"don't"]], ['wendy', [u"don't"]], ['wendy', [u"don't"]], ['marci', [u"don't"]], ['kendra', [u"don't"]], ['kevin', [u"don't"]], ['wendy', [u"don't"]], ['kevin', [u"don't"]], ['marci', [u"don't"]], ['kevin', [u"don't", u'even', u'think', u'they', u'caught', u'him', u'on', u'a', u'on']], ['wendy', [u"don't", u'even', u'think', u'they']], ['kevin', [u'on', u'a', u'scene', u'yeah']], ['marci', [u'yeah', u'they', u'tried', u'to', u'Grandma']], ['kevin', [u'Grandma']], ['kendra', [u'Grandma']], ['marci', [u'Grandma']], ['kevin', [u'Grandma']], ['wendy', [u'Grandma']], ['kevin', [u'Grandma']], ['marci', [u'Grandma']], ['wendy', [u'Grandma']], ['marci', [u'Grandma']], ['wendy', [u'Grandma']], ['marci', [u'Grandma']], ['marci', [u'Grandma']], ['kendra', [u'Grandma']], ['marci', [u'Grandma']], ['marci', [u'Grandma']], ['marci', [u'Grandma', u'makes', u'us', u'a', u'quilt']], ['marci', [u'quilt', u'and', u'she', u'makes', u'a', u'double', u'bed', u'quilt', u'for', u'a', u'king', u'size', u'bed', u'so']], ['marci', [u'so', u'of', u'course', u'it', u"doesn't", u'fit']], ['marci', [u'fit', u'so']], ['marci', []], ['kevin', []], ['kendra', []], ['marci', [u'Calico']], ['marci', [u'Calico', u'to', u'put', u'around']], ['wendy', []], ['marci', []], ['marci', []], ['marci', []], ['marci', []], ['marci', []], ['marci', []], ['ken', []], ['kevin', []], ['marci', []], ['kevin', []], ['marci', [u'well', u'she', u'made', u'me', u'the', u'wedding', u'now', u'I']], ['kendra', [u'I', u'should']], ['marci', [u'should']], ['kevin', [u'should']], ['marci', [u'should', u'have', u'worn', u'it', u'tonight']], ['kevin', [u'tonight', u'I', u'forgetting']], ['marci', [u'tonight', u'I', u'forgetting', u'to', u'wear', u'that', u'when', u"you're", u'over', u'here']], ['kevin', []], ['wendy', []], ['marci', [u'Nigerian', u'wedding']], ['kevin', [u'Nigerian', u'wedding']], ['wendy', [u'Nigerian']], ['kevin', [u'wedding']], ['kevin', [u'we', u"can't", u'worms']], ['kevin', [u'worms', u'Africa']], ['kevin', []], ['marci', []], ['marci', []], ['kendra', []], ['ken', []], ['kendra', []], ['marci', []], ['kendra', [u'I']], ['wendy', [u'I', u'got', u'it']], ['kevin', [u'oh']], ['marci', [u'oh']], ['wendy', [u'oh']], ['wendy', [u'oh', u'now']], ['wendy', [u'now', u'you', u'put', u'it', u'back', u'up']], ['kevin', []], ['marci', []], ['wendy', []], ['marci', []], ['kevin', []], ['wendy', []], ['wendy', []], ['wendy', []], ['marci', []], ['kevin', []], ['kevin', []], ['marci', [u'gross']], ['kendra', []], ['kevin', []], ['marci', []], ['marci', []], ['marci', []], ['kevin', []], ['wendy', [u'well']], ['wendy', []]]
